Área Geográfica,,Estadísticas judiciales,,,,,,,,,,,,,,,,,,,,,,,,,,,,,,,,,,,,,,,,,,,,,,,,,,,,,,,,,,,,,,,,,,,,,,,,,,,,,,,,,,,,,,,,,,,,,,,,,,,,,,,,,,,,,,,,,,,,,,,,,,,,,,,,,,,,
,,1994,,,,,,,1995,,,,,,,1996,,,,,,,1997,,,,,,,1998,,,,,,,1999,,,,,,,2000,,,,,,,2001,,,,,,,2002,,,,,,,2003,,,,,,,2004,,,,,,,2005,,,,,,,2006,,,,,,,2007,,,,,,,2008,,,,,,,2009,,,,,,,2010,,,,,,,2011,,,,,,,2012,,,,,,
,,Presuntos delincuentes y sentenciados,,,,,,,Presuntos delincuentes y sentenciados,,,,,,,Presuntos delincuentes y sentenciados,,,,,,,Presuntos delincuentes y sentenciados,,,,,,,Presuntos delincuentes y sentenciados,,,,,,,Presuntos delincuentes y sentenciados,,,,,,,Presuntos delincuentes y sentenciados,,,,,,,Presuntos delincuentes y sentenciados,,,,,,,Presuntos delincuentes y sentenciados,,,,,,,Presuntos delincuentes y sentenciados,,,,,,,Presuntos delincuentes y sentenciados,,,,,,,Presuntos delincuentes y sentenciados,,,,,,,Presuntos delincuentes y sentenciados,,,,,,,Presuntos delincuentes y sentenciados,,,,,,,Presuntos delincuentes y sentenciados,,,,,,,Procesados y sentenciados,,,,,,,Procesados y sentenciados,,,,,,,Procesados y sentenciados,,,,,,,Procesados y sentenciados,,,,,,
Clave,Nombre,Presuntos delincuentes registrados en los juzgados de primera instancia en materia penal del fuero común a/,Sentenciados registrados en los juzgados de primera instancia en materia penal del fuero común a/,Presuntos delincuentes registrados en los juzgados de primera instancia en materia penal del fuero federal a/,Sentenciados registrados en los juzgados de primera instancia en materia penal del fuero federal a/,Tasa de personas con sentencia condenatoria b/,Tasa de personas con sentencia condenatoria del fuero federal c/,Tasa de personas con sentencia condenatoria del fuero común d/,Presuntos delincuentes registrados en los juzgados de primera instancia en materia penal del fuero común a/,Sentenciados registrados en los juzgados de primera instancia en materia penal del fuero común a/,Presuntos delincuentes registrados en los juzgados de primera instancia en materia penal del fuero federal a/,Sentenciados registrados en los juzgados de primera instancia en materia penal del fuero federal a/,Tasa de personas con sentencia condenatoria b/,Tasa de personas con sentencia condenatoria del fuero federal c/,Tasa de personas con sentencia condenatoria del fuero común d/,Presuntos delincuentes registrados en los juzgados de primera instancia en materia penal del fuero común a/,Sentenciados registrados en los juzgados de primera instancia en materia penal del fuero común a/,Presuntos delincuentes registrados en los juzgados de primera instancia en materia penal del fuero federal a/,Sentenciados registrados en los juzgados de primera instancia en materia penal del fuero federal a/,Tasa de personas con sentencia condenatoria b/,Tasa de personas con sentencia condenatoria del fuero federal c/,Tasa de personas con sentencia condenatoria del fuero común d/,Presuntos delincuentes registrados en los juzgados de primera instancia en materia penal del fuero común a/,Sentenciados registrados en los juzgados de primera instancia en materia penal del fuero común a/,Presuntos delincuentes registrados en los juzgados de primera instancia en materia penal del fuero federal a/,Sentenciados registrados en los juzgados de primera instancia en materia penal del fuero federal a/,Tasa de personas con sentencia condenatoria b/,Tasa de personas con sentencia condenatoria del fuero federal c/,Tasa de personas con sentencia condenatoria del fuero común d/,Presuntos delincuentes registrados en los juzgados de primera instancia en materia penal del fuero común a/,Sentenciados registrados en los juzgados de primera instancia en materia penal del fuero común a/,Presuntos delincuentes registrados en los juzgados de primera instancia en materia penal del fuero federal a/,Sentenciados registrados en los juzgados de primera instancia en materia penal del fuero federal a/,Tasa de personas con sentencia condenatoria b/,Tasa de personas con sentencia condenatoria del fuero federal c/,Tasa de personas con sentencia condenatoria del fuero común d/,Presuntos delincuentes registrados en los juzgados de primera instancia en materia penal del fuero común a/,Sentenciados registrados en los juzgados de primera instancia en materia penal del fuero común a/,Presuntos delincuentes registrados en los juzgados de primera instancia en materia penal del fuero federal a/,Sentenciados registrados en los juzgados de primera instancia en materia penal del fuero federal a/,Tasa de personas con sentencia condenatoria b/,Tasa de personas con sentencia condenatoria del fuero federal c/,Tasa de personas con sentencia condenatoria del fuero común d/,Presuntos delincuentes registrados en los juzgados de primera instancia en materia penal del fuero común a/,Sentenciados registrados en los juzgados de primera instancia en materia penal del fuero común a/,Presuntos delincuentes registrados en los juzgados de primera instancia en materia penal del fuero federal a/,Sentenciados registrados en los juzgados de primera instancia en materia penal del fuero federal a/,Tasa de personas con sentencia condenatoria b/,Tasa de personas con sentencia condenatoria del fuero federal c/,Tasa de personas con sentencia condenatoria del fuero común d/,Presuntos delincuentes registrados en los juzgados de primera instancia en materia penal del fuero común a/,Sentenciados registrados en los juzgados de primera instancia en materia penal del fuero común a/,Presuntos delincuentes registrados en los juzgados de primera instancia en materia penal del fuero federal a/,Sentenciados registrados en los juzgados de primera instancia en materia penal del fuero federal a/,Tasa de personas con sentencia condenatoria b/,Tasa de personas con sentencia condenatoria del fuero federal c/,Tasa de personas con sentencia condenatoria del fuero común d/,Presuntos delincuentes registrados en los juzgados de primera instancia en materia penal del fuero común a/,Sentenciados registrados en los juzgados de primera instancia en materia penal del fuero común a/,Presuntos delincuentes registrados en los juzgados de primera instancia en materia penal del fuero federal a/,Sentenciados registrados en los juzgados de primera instancia en materia penal del fuero federal a/,Tasa de personas con sentencia condenatoria b/,Tasa de personas con sentencia condenatoria del fuero federal c/,Tasa de personas con sentencia condenatoria del fuero común d/,Presuntos delincuentes registrados en los juzgados de primera instancia en materia penal del fuero común a/,Sentenciados registrados en los juzgados de primera instancia en materia penal del fuero común a/,Presuntos delincuentes registrados en los juzgados de primera instancia en materia penal del fuero federal a/,Sentenciados registrados en los juzgados de primera instancia en materia penal del fuero federal a/,Tasa de personas con sentencia condenatoria b/,Tasa de personas con sentencia condenatoria del fuero federal c/,Tasa de personas con sentencia condenatoria del fuero común d/,Presuntos delincuentes registrados en los juzgados de primera instancia en materia penal del fuero común a/,Sentenciados registrados en los juzgados de primera instancia en materia penal del fuero común a/,Presuntos delincuentes registrados en los juzgados de primera instancia en materia penal del fuero federal a/,Sentenciados registrados en los juzgados de primera instancia en materia penal del fuero federal a/,Tasa de personas con sentencia condenatoria b/,Tasa de personas con sentencia condenatoria del fuero federal c/,Tasa de personas con sentencia condenatoria del fuero común d/,Presuntos delincuentes registrados en los juzgados de primera instancia en materia penal del fuero común a/,Sentenciados registrados en los juzgados de primera instancia en materia penal del fuero común a/,Presuntos delincuentes registrados en los juzgados de primera instancia en materia penal del fuero federal a/,Sentenciados registrados en los juzgados de primera instancia en materia penal del fuero federal a/,Tasa de personas con sentencia condenatoria b/,Tasa de personas con sentencia condenatoria del fuero federal c/,Tasa de personas con sentencia condenatoria del fuero común d/,Presuntos delincuentes registrados en los juzgados de primera instancia en materia penal del fuero común a/,Sentenciados registrados en los juzgados de primera instancia en materia penal del fuero común a/,Presuntos delincuentes registrados en los juzgados de primera instancia en materia penal del fuero federal a/,Sentenciados registrados en los juzgados de primera instancia en materia penal del fuero federal a/,Tasa de personas con sentencia condenatoria b/,Tasa de personas con sentencia condenatoria del fuero federal c/,Tasa de personas con sentencia condenatoria del fuero común d/,Presuntos delincuentes registrados en los juzgados de primera instancia en materia penal del fuero común a/,Sentenciados registrados en los juzgados de primera instancia en materia penal del fuero común a/,Presuntos delincuentes registrados en los juzgados de primera instancia en materia penal del fuero federal a/,Sentenciados registrados en los juzgados de primera instancia en materia penal del fuero federal a/,Tasa de personas con sentencia condenatoria b/,Tasa de personas con sentencia condenatoria del fuero federal c/,Tasa de personas con sentencia condenatoria del fuero común d/,Presuntos delincuentes registrados en los juzgados de primera instancia en materia penal del fuero común a/,Sentenciados registrados en los juzgados de primera instancia en materia penal del fuero común a/,Presuntos delincuentes registrados en los juzgados de primera instancia en materia penal del fuero federal a/,Sentenciados registrados en los juzgados de primera instancia en materia penal del fuero federal a/,Tasa de personas con sentencia condenatoria b/,Tasa de personas con sentencia condenatoria del fuero federal c/,Tasa de personas con sentencia condenatoria del fuero común d/,Procesados registrados en los juzgados de primera instancia en materia penal del fuero común a/,Sentenciados registrados en los juzgados de primera instancia en materia penal del fuero común a/,Procesados registrados en los juzgados de primera instancia en materia penal del fuero federal a/,Sentenciados registrados en los juzgados de primera instancia en materia penal del fuero federal a/,Tasa de personas con sentencia condenatoria b/,Tasa de personas con sentencia condenatoria del fuero federal c/,Tasa de personas con sentencia condenatoria del fuero común d/,Procesados registrados en los juzgados de primera instancia en materia penal del fuero común a/,Sentenciados registrados en los juzgados de primera instancia en materia penal del fuero común a/,Procesados registrados en los juzgados de primera instancia en materia penal del fuero federal a/,Sentenciados registrados en los juzgados de primera instancia en materia penal del fuero federal a/,Tasa de personas con sentencia condenatoria b/,Tasa de personas con sentencia condenatoria del fuero federal c/,Tasa de personas con sentencia condenatoria del fuero común d/,Procesados registrados en los juzgados de primera instancia en materia penal del fuero común a/,Sentenciados registrados en los juzgados de primera instancia en materia penal del fuero común a/,Procesados registrados en los juzgados de primera instancia en materia penal del fuero federal a/,Sentenciados registrados en los juzgados de primera instancia en materia penal del fuero federal a/,Tasa de personas con sentencia condenatoria b/,Tasa de personas con sentencia condenatoria del fuero federal c/,Tasa de personas con sentencia condenatoria del fuero común d/,Procesados registrados en los juzgados de primera instancia en materia penal del fuero común a/,Sentenciados registrados en los juzgados de primera instancia en materia penal del fuero común a/,Procesados registrados en los juzgados de primera instancia en materia penal del fuero federal a/,Sentenciados registrados en los juzgados de primera instancia en materia penal del fuero federal a/,Tasa de personas con sentencia condenatoria b/,Tasa de personas con sentencia condenatoria del fuero federal c/,Tasa de personas con sentencia condenatoria del fuero común d/
01,Aguascalientes,2334,2503,226,91,101.33,40.27,107.24,2586,2415,352,355,94.28,100.85,93.39,2180,2305,265,303,106.67,114.340,105.734,1730,1393,198,183,86,93.4,85.1,1890,1459,212,170,88.5,94.1,87.8,1860,1483,250,182,88.1,96.2,87.1,1648,1285,193,134,88.4,86.6,88.6,1969,1506,189,160,87.3,87.5,87.3,2350,1825,232,167,89,87.4,89.1,2550,1871,240,200,89.3,94,88.8,2029,1657,269,188,85.5,96.3,84.2,1841,1285,362,230,88.8,91.7,88.2,1798,946,261,289,88.3,86.9,88.8,1545,845,264,217,88.2,88,88.3,1570,762,228,179,88.6,91.6,87.9,1853,1023,333,195,90.1,92.3,89.6,1653,1166,419,375,89.6,91.7,88.9,2133,1044,543,347,91.5,95.7,90.1,1993,1261,583,424,90.9,96,89.1
02,Baja California,7736,6620,2040,1585,0.84,77.70,85.57,5640,4889,2407,1738,82.35,72.21,86.68,5850,6623,3151,2089,96.79,66.296,113.214,5875,6732,2900,1821,92.6,91.5,92.9,6884,6328,2824,2050,91.8,88.1,93,7373,7459,3226,2048,93.5,89.2,94.7,7232,7460,2958,2248,94.1,92.1,94.7,8208,7810,2973,2307,93.2,88,94.8,9962,8132,3125,2492,93,87.1,94.8,10953,10374,2776,2289,92.8,87.8,94,11189,10686,2709,2113,93.7,87.1,95,13116,10821,3570,2458,93.6,83.8,95.9,14076,10625,3462,2711,92.1,77.5,95.8,16375,13682,3828,2981,92.1,73.4,96.2,14172,13523,4404,2838,92,73.6,95.8,11233,11206,5941,3196,92.2,81.6,95.2,9512,10118,8739,6048,93.8,91.8,94.9,8000,8814,7897,6909,93.9,94.4,93.5,8624,7939,6355,6060,93.2,92.5,93.7
03,Baja California Sur,1181,783,213,214,0.72,100.47,66.30,1220,941,202,151,76.79,74.75,77.13,1345,1074,253,247,82.67,97.628,79.851,1345,1020,272,192,85.4,97.4,83.1,1225,1022,302,215,85.9,90.7,84.8,1266,848,281,273,81.8,87.5,80,1275,885,181,168,83.2,92.3,81.5,1353,973,221,172,75.7,93.6,72.6,1491,971,423,258,76.9,91.1,73.1,1774,1260,357,325,81.5,83.7,81,1755,1262,334,287,81.9,85,81.1,2071,1078,359,230,84.2,85.7,83.9,1982,1283,359,340,82.6,88.8,80.9,2101,1429,369,334,82.1,91.9,79.8,1829,1332,558,374,81.4,86.1,80,1563,1305,751,627,87.2,87.9,86.9,1530,1440,708,866,85.1,91.3,81.4,1431,1255,832,902,88.1,96.3,82.2,1445,1122,713,844,86.4,98.5,77.3
04,Campeche,1603,965,287,253,0.64,88.15,60.20,1596,1064,237,162,66.88,68.35,66.67,1666,831,311,215,52.91,69.132,49.880,1387,888,215,229,88.8,93.9,87.5,1352,701,276,255,87.8,92.5,86,1171,943,255,211,80.2,94.3,77,1249,1024,324,205,78.2,92.7,75.3,1471,854,375,239,75.8,86.2,72.8,1332,846,308,288,76.8,86.5,73.5,1282,959,292,273,80.2,87.2,78.2,1366,954,309,275,79.8,79.6,79.9,1161,773,236,238,78.1,71.8,80.1,1212,678,164,175,79.1,83.4,78,1199,734,275,146,79.4,82.9,78.7,1222,687,222,133,81.6,89.5,80.1,1317,668,271,164,79.2,92.1,76,1093,647,352,274,76.8,82.8,74.2,1161,638,329,275,77.1,84.4,74,1352,680,265,216,79,82.4,77.9
05,Coahuila de Zaragoza,3288,1652,732,520,0.54,71.04,50.24,3675,1896,984,699,55.70,71.04,51.59,3940,2050,1088,1048,61.61,96.324,52.030,4831,2145,681,722,87.4,92.8,85.6,5738,2162,689,683,88.6,95,86.5,6025,2718,697,597,88.6,94.6,87.3,4307,2572,723,624,89.3,95.5,87.8,4187,2414,785,650,89.5,96,87.8,3579,2604,724,653,86.2,92.5,84.6,3393,2636,751,665,89.7,92.6,88.9,4338,2630,716,682,90.2,92.2,89.6,5114,2424,652,690,88.5,93.2,87.1,4792,2628,560,621,86.3,91.5,85.1,4897,2711,618,504,88.3,91.5,87.7,4539,2430,647,502,89.6,91.2,89.2,3514,2265,525,446,86.8,91.7,85.8,2832,2054,432,479,85.9,95.6,83.6,2121,1616,770,487,85.5,93.8,83,1994,1344,703,593,86.3,90.7,84.4
06,Colima,1637,1139,379,251,0.69,66.23,69.58,1826,1138,445,443,69.62,99.55,62.32,1691,1152,408,424,75.08,103.922,68.125,1771,1048,338,367,91.9,95.1,90.8,1655,1249,323,283,92,95.1,91.4,1651,1220,358,292,91.3,90.1,91.6,1609,1212,297,300,91.4,94.3,90.7,1889,1358,247,225,90.3,90.2,90.4,2022,1375,315,230,89,93.9,88.2,2152,1392,367,276,90.8,95.3,89.9,1800,1621,416,339,91.3,97.9,89.9,1907,1435,458,381,93.1,96.9,92.1,1973,1293,462,463,91.5,93.1,91,2144,1460,415,429,90.5,93.7,89.6,1866,1536,360,396,90.5,96,89.1,1787,1196,220,249,88.8,92,88.1,1513,1245,293,429,91.3,98.1,88.9,2069,1265,207,222,91.2,93.2,90.8,2736,1278,238,150,94.4,90.7,94.8
07,Chiapas,4403,3895,851,648,0.86,76.15,88.46,4909,3492,920,708,72.05,76.96,71.13,4879,3601,919,880,77.29,95.756,73.806,4924,3861,830,670,80.1,92.5,78,4672,4150,929,693,84.8,92.2,83.5,5120,3951,993,902,86.6,92.8,85.2,4627,4335,759,730,83.2,90.5,82,4827,4305,672,662,85.4,90.8,84.5,5023,4217,906,682,83.9,94.6,82.2,4738,4110,1048,882,84.7,88.3,84,5137,4327,1028,979,87.6,90.6,86.9,5059,4515,685,991,86.9,87.7,86.7,4506,4151,485,953,84,77.6,85.5,4494,4065,520,783,86.3,84.4,86.7,4609,4391,542,700,85.9,89.9,85.2,4040,3997,566,624,82.9,91.2,81.6,4030,3863,622,708,82.8,88.3,81.8,4556,3671,748,866,82.5,90.4,80.6,3629,3406,559,916,81.6,86.6,80.2
08,Chihuahua,6635,4342,1180,832,0.66,70.51,65.44,6298,5038,1331,997,79.11,74.91,79.99,6385,5252,1673,1218,80.29,72.803,82.255,6662,5287,2030,1310,89.6,93.1,88.8,6788,5159,2229,1697,91,92.8,90.4,6543,5262,1965,1559,91.2,94.7,90.1,7705,4914,1866,1683,90.6,93.4,89.7,8244,5070,1989,1773,91.6,94.8,90.5,7940,5114,2148,1767,90.8,93.2,90,8047,4942,2213,2031,91.4,95.2,89.9,7298,4565,1880,2114,90.7,92.7,89.8,7578,4359,1851,2040,90.3,94.9,88.2,7462,4219,1634,1709,90.5,94.7,88.8,6778,3604,1384,1394,90.8,95,89.2,3947,2750,2233,1476,91,93.4,89.7,3737,2129,2154,1914,90.7,93.6,88.1,3846,1936,1659,1663,92.8,94.2,91.6,4282,1337,2105,1893,91.6,93.2,89.4,4993,935,2122,2052,92.4,94,88.9
09,Ciudad de México,10932,11556,1383,1347,1.05,97.40,105.71,13537,10955,1933,1496,80.48,77.39,80.93,15461,12634,1930,1652,82.15,85.596,81.715,15488,14248,1571,1242,86.3,92.4,85.8,16228,14468,1745,1233,87.1,92.9,86.6,18340,14789,2246,1463,90,90.5,90,17591,14862,2300,1474,89.2,85.4,89.6,17719,15521,1533,1320,90.3,86.4,90.7,18012,14920,2158,1980,91.3,85.3,92.1,21619,17173,2749,2055,92.6,85.8,93.4,24430,19838,2494,2294,92.5,85,93.4,22394,20055,2034,1915,92.9,86.4,93.5,20400,18357,2431,1745,94.1,86.2,94.8,20778,18049,2578,2210,93.6,87.5,94.4,21782,18452,2811,2355,93.5,87.6,94.3,20311,17668,2656,2397,93.3,88.7,93.9,20018,17458,3829,3101,92.2,89.9,92.6,22878,18012,3119,3046,94.7,92.9,95.1,26138,19261,1636,1815,97.7,88.9,98.5
10,Durango,1601,1088,694,627,0.75,90.35,67.96,1580,1273,697,663,85.02,95.12,80.57,1746,1282,901,729,75.97,80.910,73.425,1587,1110,662,634,87.2,95.1,82.7,1641,1280,528,512,86.6,95.7,82.9,1870,1327,723,613,91.7,96.4,89.5,1661,1174,753,589,89.2,92,87.8,1821,1471,712,581,90,94.7,88.1,1721,1450,706,601,91.1,95,89.4,1661,1428,843,697,93.2,96,91.8,1550,1304,723,698,91.2,94.6,89.4,1540,1171,796,705,94.1,94.3,93.9,1737,1135,765,643,94.3,96,93.4,1957,1447,810,618,91.4,94.5,90,1677,1322,713,639,91.8,93.9,90.8,1452,1296,700,513,91.3,94.7,89.9,950,864,569,623,93.2,97.3,90.3,938,775,496,559,92.7,95.2,90.8,692,632,557,416,91.2,96.9,87.5
11,Guanajuato,5477,4489,548,633,0.85,115.51,81.96,5411,5358,1487,1223,95.40,82.25,99.02,4935,5729,1456,1409,111.69,96.772,116.089,4373,4732,1348,1293,88.2,94.6,86.4,4594,4316,1127,1144,89.7,96.8,87.8,4591,3935,896,890,91.9,94,91.4,4437,3726,1118,905,91.8,96.5,90.7,5068,3939,1225,1323,92,93.7,91.4,5710,4208,1249,1138,91.9,93.1,91.5,6099,4478,1443,1180,93.3,94.3,93.1,5741,4514,1224,1140,92.7,94.7,92.1,6800,5579,1299,1288,93.3,94.2,93.1,6224,4851,1227,1183,92,91.5,92.1,6492,5058,1406,1307,91.5,89.6,92,6727,5363,1723,1460,90.2,91.1,90,7066,5983,1698,1549,90.1,87.9,90.7,6766,6022,1741,1615,89.6,86.7,90.4,6275,5261,2003,1976,87.8,90.3,86.9,5448,4271,2029,1714,82.6,89.8,79.7
12,Guerrero,2901,1538,436,554,0.63,127.06,53.02,2818,1690,503,444,64.26,88.27,59.97,2669,1409,429,471,60.68,109.790,52.791,2730,1357,888,584,75.9,93.2,68.5,3444,1496,859,792,76.1,94.9,66.2,3194,1718,731,714,71.9,92.9,63.2,3536,1595,754,587,74.4,92.8,67.6,3784,1670,752,743,73.5,90.7,65.9,3569,1705,785,742,78.3,91.1,72.7,3852,1731,687,641,76.8,92.2,71.1,4094,1615,703,705,74.6,87.5,69,3607,1748,760,587,77.9,93.2,72.7,3232,1661,726,700,80.2,93.3,74.7,3408,1563,753,621,81.7,94.2,76.8,3036,1768,775,703,83.7,94.6,79.4,3021,1684,1018,752,82.6,95.9,76.7,2826,1519,948,875,81.4,92.2,75.1,2927,1613,1021,816,84,93,79.4,3241,2178,1098,891,82.8,91.6,79.2
13,Hidalgo,1376,857,335,282,0.67,84.18,62.28,1563,1088,373,322,72.83,86.33,69.61,1458,1261,332,258,84.86,77.711,86.488,1466,988,263,226,83.5,92.5,81.5,1672,1113,334,275,83.6,93.5,81.2,1537,1116,308,262,85.1,96.9,82.3,1855,943,251,189,79.1,95.2,75.8,1862,1144,298,265,79.7,93.6,76.5,1992,1188,317,267,82.5,89.9,80.9,2186,1303,399,358,78.4,93,74.4,2194,1379,402,373,82.5,96.8,78.7,2681,1521,348,343,82.6,96.5,79.5,2652,1602,371,367,79.9,94,76.7,2513,2044,419,336,86.2,96.4,84.5,2502,1791,316,307,84.6,93.5,83.1,3206,2050,406,238,85,92.9,84,3444,1881,366,232,83.8,94.4,82.5,3733,2644,526,368,83.4,91.6,82.3,3828,2689,508,372,80.2,89,79
14,Jalisco,10384,8410,1910,1883,0.84,98.59,80.99,10178,8839,2309,1973,86.59,85.45,86.84,8236,7217,2147,1937,88.16,90.219,87.627,7225,5692,2144,1767,83.7,87.4,82.5,7157,4780,1988,1825,87,91.8,85.1,7558,5332,1641,1674,86.7,91.7,85.1,7318,5104,1486,1396,84.1,89.6,82.5,8981,5213,1827,1447,82.9,89.5,81.1,9279,6112,1982,1788,84.7,92.6,82.4,9995,6656,2212,2070,87.4,95.4,84.9,10745,7420,2510,2361,86.8,94.5,84.4,11455,7936,2635,2619,88.8,94.4,87,12443,8850,2314,2795,87.9,94.6,85.8,12645,8810,2174,2569,87.7,95.5,85.4,12807,9178,2146,2218,87,93.6,85.4,12603,9589,2429,2159,88.8,94.4,87.5,14145,9245,3547,3309,89.2,92.4,88.1,14594,10499,3646,3435,87.6,95.5,85,14163,9922,3085,3149,87.8,97,84.9
15,México,8347,9144,1289,971,1.05,75.33,109.55,9407,7967,1416,981,82.68,69.28,84.69,9952,9557,1548,1092,92.60,70.543,96.031,10152,8637,1412,1153,73.7,92.4,71.2,10603,7922,1019,853,72.7,90.6,70.8,11580,8074,1310,1021,75.8,93.6,73.6,11325,7792,1066,803,72.2,89.7,70.4,11948,8264,1010,853,70.3,91.4,68.1,12315,9057,1182,931,72.6,91.8,70.6,12426,9246,1219,1062,75.9,90.3,74.2,13786,9637,1228,1294,77.3,91,75.4,13245,9963,1021,1138,78.3,88.1,77.2,12149,9399,1021,1051,78.4,89,77.3,12675,9463,1075,968,79.9,90.3,78.9,12831,9662,1454,1129,83.5,88.8,82.9,12142,9934,1785,1490,84.2,92.8,82.9,11315,10499,1935,2000,86.1,93.3,84.7,8965,8422,1672,1836,86.3,92.9,84.9,7083,7853,1415,1218,89.3,91,89
16,Michoacán de Ocampo,5240,5401,1192,1109,1.01,93.04,103.07,6007,6076,1027,1362,105.74,132.62,101.15,7472,5736,1446,1317,79.09,91.079,76.767,7817,6360,1694,1416,86.4,94,84.7,8897,7456,1480,1588,85.4,90.1,84.4,8224,6629,1342,1292,86.2,90.6,85.4,7551,7301,931,1022,86.3,93.3,85.3,7023,7539,1048,1342,86.9,88,86.7,7230,7236,1118,1154,86.4,87.6,86.2,7180,7358,1110,1227,87.1,87.3,87.1,8314,8517,992,1270,88.6,92.8,88,8145,8407,1136,1009,90.2,92.6,89.9,8355,8600,1011,1167,91.6,93.7,91.3,6670,7225,1094,930,92.1,92.4,92.1,5603,6226,1042,1064,90.3,86.8,90.9,4877,4637,850,925,93,93.9,92.8,4299,4015,764,907,90.9,92.7,90.5,3843,3533,923,653,91.1,88.5,91.5,3489,2838,1164,779,92,92,92
17,Morelos,2180,1173,594,627,0.65,105.56,53.81,2942,1581,943,726,59.38,76.99,53.74,2581,2266,729,765,91.57,104.938,87.795,1956,1964,664,520,77.1,96,72.1,1984,1753,564,579,71.8,90.7,65.5,1977,1595,637,535,69.5,94.6,61.1,1903,1389,503,506,74.3,96,66.4,1984,1519,609,590,78.4,97.3,71,2348,1489,642,594,79.2,96,72.5,2479,1320,991,711,77.9,92.8,69.8,2371,1514,654,767,76.6,91.8,68.9,2271,1401,491,614,78.3,89.4,73.4,2129,1410,550,559,76.8,89.4,71.8,1986,1488,455,398,78.1,92.5,74.3,2072,1372,550,396,81,87.6,79.1,1506,1025,547,339,77.3,90.9,72.8,1253,741,523,404,83.5,91.8,78.9,1403,585,601,557,84.1,91.6,76.9,1306,576,763,623,83,93.3,71.9
18,Nayarit,2234,1831,353,425,0.87,120.40,81.96,2321,1679,638,381,69.62,59.72,72.34,2385,1701,500,548,77.95,109.600,71.321,2380,1973,418,429,93.8,97.4,93,2603,2230,548,408,92.5,96.8,91.7,2347,2142,583,443,91.7,93.9,91.3,2293,1938,570,520,90.9,92.5,90.5,2620,2060,447,399,90,89.5,90.1,2627,2186,528,491,92.4,94.7,91.9,2927,2121,478,430,92.7,94.7,92.3,2963,2532,492,428,90.3,88.1,90.7,2696,2287,524,451,89.8,94.5,88.9,3122,1986,544,471,91.9,95.5,91,3644,2377,612,530,91.5,92.8,91.2,3782,2514,484,449,91.3,88.2,91.8,3356,2298,433,325,90.3,94.2,89.8,3054,2015,388,380,88.8,94.5,87.7,3248,2000,322,164,86.2,94.5,85.6,4475,2202,206,86,91.1,96.5,90.9
19,Nuevo León,5269,4656,753,790,0.90,104.91,88.37,6027,4489,982,892,76.77,90.84,74.48,5846,4433,831,739,77.46,88.929,75.830,4948,3589,757,751,86.7,92.3,85.5,5113,3249,691,680,84.2,91.8,82.6,4558,3057,715,603,86.1,93.7,84.6,5398,2903,1024,724,86.7,92,85.4,5526,3361,889,673,87.3,94.9,85.8,6037,3866,832,720,85.8,87.5,85.5,5900,4129,1020,796,87.5,88.1,87.4,5485,4228,885,675,87.9,90.2,87.5,4551,3687,1156,831,87.6,89.8,87.1,3715,2563,1077,935,88.2,84.4,89.6,3879,2592,947,947,88.9,79.6,92.3,3912,2532,1041,888,90.9,83.8,93.4,3680,2635,1227,956,89.6,84.5,91.4,3841,2486,1245,1258,91.2,93.8,89.9,5687,2581,1773,1360,93.9,97.1,92.3,5736,3292,1604,1689,93.2,95.9,91.9
20,Oaxaca,4173,3975,763,624,0.93,81.78,95.26,5138,3539,742,768,73.25,103.50,68.88,4940,3789,869,798,78.96,91.830,76.700,5055,3619,867,680,92.5,94.3,92.2,4985,3876,1137,789,92.3,94.8,91.8,4942,3333,1030,821,91.9,93.4,91.5,4694,3089,869,771,90.6,94,89.8,5198,3338,973,739,90.1,94.3,89.2,5737,3475,872,620,90.5,93.4,89.9,5471,3357,871,701,91.1,90.9,91.2,4922,2963,699,633,90.6,87.8,91.2,4529,3030,709,524,89.9,91.8,89.6,3732,2772,549,402,89.5,89.3,89.6,3583,2442,615,426,89.1,90.1,88.9,3922,2323,890,604,87.4,91.4,86.4,3508,1996,1066,783,87.9,92.8,85.9,3391,1862,1393,1040,90.7,95.4,88.1,4025,1437,1754,1144,88.7,93.5,84.9,3802,1580,1417,1324,88.2,92.6,84.6
21,Puebla,4922,4611,565,498,0.93,88.14,93.68,4550,4168,521,505,92.15,96.93,91.60,4464,4027,600,544,90.26,90.667,90.211,4472,4271,561,577,88.4,96.5,87.4,4800,3872,545,506,89.8,96.2,89,4276,3952,595,542,87.9,95,86.9,4566,3309,641,561,90.9,96.6,89.9,4946,4163,681,578,89.8,94.5,89.1,5364,4309,667,683,90.3,91.5,90.1,5238,4052,795,691,91.1,90.9,91.1,5152,4564,610,683,91.6,95.8,91,4802,4897,732,573,91.1,93.2,90.9,4906,4967,673,683,90.2,88.9,90.4,4937,4430,693,689,90.6,89.7,90.7,5264,4892,772,668,91.3,89.5,91.5,4802,4204,777,711,92.3,89.5,92.8,4698,4027,819,943,93,95.9,92.3,4945,3909,926,801,92.7,93.1,92.6,5381,3735,993,853,90.4,93.3,89.7
22,Querétaro,3344,2887,191,170,0.86,89.01,86.33,3904,3099,231,167,78.98,72.29,79.38,3717,3036,261,184,80.95,70.498,81.679,3384,2817,220,181,85.7,95.6,85.1,3619,2221,233,116,84,94,83.4,2972,2392,246,242,87,96.7,86,2854,2154,225,204,89.7,96.6,89,3573,2477,266,176,87.4,92,87.1,4893,2731,403,354,89.8,95.5,89.1,5059,2896,333,307,89.4,97.7,88.5,5282,3323,383,391,91.1,96.9,90.5,4662,3029,363,357,90,96.4,89.2,4465,2650,381,351,89.8,97.2,88.9,4519,2328,497,414,92.6,95.4,92.1,4609,2418,459,559,91.6,92.3,91.5,4626,2483,510,526,80.8,92.8,78.3,4134,2473,735,637,82.9,93.7,80.1,4178,2032,928,573,83,95.1,79.6,4852,2332,676,755,86.4,96.4,83.1
23,Quintana Roo,1245,698,211,181,0.60,85.78,56.06,1294,757,338,276,63.30,81.66,58.50,1126,793,371,263,70.54,70.889,70.426,1221,551,314,284,91.9,91.9,91.8,1267,646,259,215,90.4,94.4,89,1556,674,321,165,89.9,91.5,89.5,1908,853,283,264,89.3,90.5,88.9,2765,1095,318,203,90.2,93.6,89.6,2723,1048,374,241,89.1,92.5,88.3,2766,1364,383,251,91.5,94.8,90.8,2716,1449,415,416,88,93.3,86.5,2948,1388,344,209,84.1,93.3,82.7,3019,1621,487,309,81.7,89.3,80.2,3074,1520,596,360,84.9,92.8,83.1,2770,1588,442,310,83.1,92.3,81.4,3080,1703,493,354,84.7,91,83.4,3173,1652,544,473,84,95.6,80.8,3294,1410,819,487,82.7,96.1,78,3633,1417,601,586,81.2,93.2,76.2
24,San Luis Potosí,4341,2532,492,422,0.61,85.77,58.33,4685,2465,621,571,57.22,91.95,52.61,3784,2819,561,528,77.03,94.118,74.498,3174,2477,509,516,83.2,96.9,80.3,3389,2764,731,655,82.5,97.4,78.9,3778,2290,698,658,81.6,97.3,77.1,5351,2725,626,519,76.2,93.6,72.9,5195,3296,642,472,80.3,92.4,78.5,4789,3630,586,433,83.9,95.4,82.5,4463,3335,600,550,80.8,94.5,78.5,5637,3099,562,509,82,92.7,80.2,4801,3039,730,639,82.9,88.7,81.7,4431,3012,593,524,81.6,88,80.5,4680,3083,521,490,83.2,87.8,82.5,4629,3107,479,435,83.1,92,81.9,4717,2827,498,440,81.5,94.1,79.5,4221,2753,540,467,80.7,94.9,78.2,4250,2028,766,517,83.1,86.7,82.2,4517,1954,601,456,79.5,80,79.4
25,Sinaloa,3644,4556,1887,1804,1.15,95.60,125.03,3539,3848,2283,1986,100.21,86.99,108.73,3787,3620,2408,2081,92.03,86.420,95.590,4240,3486,2484,1932,87.4,94.1,83.6,4016,3557,2455,2286,86.3,92.5,82.3,4600,3407,2057,1844,84.6,90.1,81.6,5082,3527,1413,1290,86.2,90.5,84.7,5221,3998,1367,1166,84.6,87.9,83.6,5132,4270,1372,1164,83.2,94.8,80.1,5393,4205,1200,1245,83.8,91.3,81.5,5002,4281,1510,1281,83.5,93.1,80.6,6875,4415,1961,1404,84.2,94.5,80.9,7489,4871,2279,1996,84.6,92.6,81.3,8872,5263,2037,2086,86.6,92.6,84.2,10087,4707,2099,1757,87,91.4,85.4,10966,3721,1911,1657,88.8,93.7,86.6,10377,3316,1454,1595,89.7,95.6,86.8,10002,3485,1744,1494,91.4,94.5,90,8911,3676,1746,1693,93.1,95.7,91.9
26,Sonora,ND,ND,ND,ND,,,,5947,5215,1728,1274,84.55,73.73,87.69,6744,5664,2039,1619,82.92,79.402,83.986,6098,5138,1767,1299,89.1,91.8,88.4,6426,4813,2075,1426,90.3,93.1,89.5,6716,5636,2451,1789,92.3,92.8,92.1,6690,5854,2465,1874,92.4,93.9,92,7130,5826,2685,2229,91.3,90.3,91.7,6036,5643,2504,2631,91.9,90.5,92.6,5989,4576,2659,2383,91.7,90.8,92.2,6175,5038,2960,2468,92.7,90.3,93.9,6842,5209,3664,2757,92.9,92.9,92.9,7078,5815,3474,2854,90.3,88.3,91.3,7607,7375,2968,2723,89.8,87.6,90.6,7991,7562,3307,2585,88.5,81.2,91,7939,7234,3056,2201,89.5,87.9,90,7417,6879,3108,2517,91.1,93.6,90.1,8593,6953,3532,2599,91.2,94.5,90,9926,7360,2621,2781,88.5,91.9,87.2
27,Tabasco,6030,4460,590,378,0.73,64.07,73.96,6356,4529,595,423,71.24,71.09,71.26,5565,4025,608,461,72.67,75.822,72.327,3369,3465,486,436,80.5,89.2,79.5,4303,3193,508,502,85.4,86.5,85.3,4048,3032,477,362,88.1,96.7,87.1,3892,3352,434,348,86.3,96.3,85.2,3483,3059,452,380,82.2,93.2,80.8,3275,2828,455,409,83.2,91.4,82,3354,2471,561,395,84.6,91.4,83.5,2887,2191,584,424,87.5,89.6,87.1,2873,1914,527,349,89.6,94.3,88.8,2768,1944,493,383,90.7,89.3,91,2607,1500,497,333,87.2,81.4,88.5,2785,1753,506,311,88.6,89.7,88.4,2612,1646,628,299,89.1,90.3,88.9,3253,1760,593,402,89.5,83.1,91,3786,1985,658,432,91.3,94,90.7,2937,1837,589,350,85.8,85.7,85.8
28,Tamaulipas,8326,6457,1821,1626,0.80,89.29,77.55,8852,7603,1920,1554,85.01,80.94,85.89,8449,7036,2157,1779,83.11,82.476,83.276,7474,6010,2139,1754,87.3,93.6,85.5,7108,5534,1810,1711,85.7,94.4,83,7158,7503,1656,1408,85.3,92.3,84,7547,8119,1737,1476,85.5,94,83.9,7430,6736,1485,1432,88.8,91.3,88.3,6919,5950,1457,1312,86.2,91.3,85.1,7615,6745,1299,1237,87.2,90.2,86.7,8765,7987,1092,1096,88.3,89.9,88.1,8443,10127,1169,1080,88,90.3,87.7,8722,8571,935,1043,87.4,87.1,87.5,8369,8028,1225,1018,88.8,88,88.9,9398,7568,1506,975,88.8,86.6,89.1,8126,7442,1420,1063,84.1,86.4,83.8,5117,5849,1429,974,80.3,93.9,78.1,4118,3703,1685,1029,78.9,90.2,75.8,4256,3350,1510,1320,78.8,89.8,74.5
29,Tlaxcala,824,848,128,144,1.04,112.50,102.91,998,613,241,174,63.52,72.20,61.42,986,602,207,217,68.65,104.831,61.055,1090,668,216,162,85.1,95.1,82.6,1064,618,135,204,85.5,80.9,87.1,1576,821,168,188,89,94.7,87.7,1618,1053,95,90,86.6,92.2,86.1,1487,1010,171,159,86.1,95,84.7,1461,1008,196,129,83,93.8,81.6,1411,885,231,132,87.5,97,86.1,1151,932,186,181,69.8,90.1,65.9,1014,942,183,185,70.7,93,66.3,964,844,161,135,72.1,96.3,68.2,896,910,160,123,74,95.1,71.1,1066,887,201,150,70.7,88.7,67.6,1054,848,291,130,72.4,84.6,70.5,924,645,230,195,74.8,84.6,71.8,1119,596,269,187,78.7,86.1,76.3,1119,726,384,252,77.6,92.9,72.3
30,Veracruz de Ignacio de la Llave,9751,7901,847,745,0.82,87.96,81.03,10196,7697,1229,904,75.28,73.56,75.49,10539,7365,1184,940,70.84,79.392,69.883,10126,7347,1022,892,89.9,92.7,89.5,11368,7078,1060,792,88.3,93.4,87.7,11565,7283,1069,809,90,93.8,89.6,12044,7805,1053,886,88.4,88.3,88.4,12254,8026,1076,834,89.2,91.2,89,12256,8358,1284,927,90.1,91.7,89.9,12109,8746,1392,1071,91.2,90.1,91.3,10347,7008,1501,1232,91.5,90.7,91.6,9646,6067,1546,1207,91.1,91.2,91.1,8768,5541,1321,1135,90.8,88.1,91.3,8505,4975,1299,1004,90.6,88.8,91,8554,4831,1317,915,90.8,88.7,91.2,7932,4591,1445,993,91.4,89.5,91.8,7243,4226,1267,928,89,89.4,88.9,7315,4017,1033,920,88.2,90.4,87.7,6728,3991,1686,960,85.8,76.9,87.9
31,Yucatán,2412,1925,223,164,0.79,73.54,79.81,2432,2445,268,210,98.33,78.36,100.53,2276,2515,227,201,108.51,88.546,110.501,2222,2306,120,138,74.8,88.4,74,2596,2263,204,160,75.7,86.9,74.9,2983,2548,236,189,76,90.5,74.9,2421,1971,172,130,73.1,86.2,72.2,2417,2022,246,158,71.4,85.4,70.3,2524,1919,238,217,77.9,92.6,76.2,2431,1995,307,209,84.3,94.3,83.2,3230,2014,220,173,78.1,89,77.2,3005,2466,229,141,78.1,89.4,77.5,3500,2047,179,156,80.6,86.5,80.1,3170,2049,245,158,79.5,87.3,78.9,2849,2303,201,152,81.2,84.2,81,3762,2419,498,158,80.5,85.4,80.2,3780,2276,446,247,79.4,89.5,78.3,2948,1677,305,324,80.3,84.6,79.5,2861,1461,355,262,77.2,83.6,76.1
32,Zacatecas,1849,1505,270,190,0.80,70.37,81.40,2182,1620,389,277,73.78,71.21,74.24,2403,1675,345,257,70.31,74.493,69.705,2361,1716,263,272,89.9,95.2,89,2007,1450,335,256,87.7,84.4,88.3,1832,1490,337,314,90.6,94.6,89.8,1963,1596,338,269,90,90.3,90,2088,1782,390,439,89.2,96.1,87.5,2239,1803,363,358,90,97.8,88.4,2281,1767,408,397,91.6,94.5,91,2384,2012,409,401,92.4,95.3,91.8,3090,2225,528,421,91.2,96.7,90.2,2802,2506,415,382,91.1,94.5,90.6,2995,2670,391,345,88.7,95.9,87.8,2619,2473,318,298,89.8,90.9,89.6,2117,1700,195,208,86.4,94.7,85.4,1935,1539,263,189,82.9,93.7,81.5,1759,1102,287,238,82,97.1,78.8,2002,1013,436,252,82.5,94.4,79.5
33,Extranjero,,,,,,,,,,,,,,,,,,,,,,5,1,35,19,100,100,100,3,0,45,30,76.7,76.7,0,0,0,22,20,95,95,0,0,0,18,18,94.4,94.4,0,3,0,20,12,83.3,83.3,0,1,0,36,22,81.8,81.8,0,5,2,21,30,96.9,96.7,100,2,3,24,22,84,81.8,100,3,0,13,21,81,81,0,3,0,31,17,76.5,76.5,0,2,0,35,29,93.1,93.1,0,1,0,41,29,58.6,58.6,0,2,1,39,42,90.7,90.5,100,5,2,17,23,96,95.7,100,0,2,13,26,85.7,88.5,50,2,2,8,10,75,70,100
99,No especificada,,,,,,,,,,,,,,,,,,,,,,618,575,126,73,58.6,72.6,56.9,365,492,43,59,49,66.1,47,333,333,44,38,51.8,73.7,49.2,329,360,72,37,44.1,78.4,40.6,321,252,46,41,60.8,80.5,57.5,298,286,104,58,52.3,60.3,50.7,162,122,32,29,55.6,55.2,55.7,220,393,70,48,67.6,72.9,66.9,241,331,76,69,50.8,43.5,52.3,321,291,47,53,53.2,49.1,54,226,227,54,44,46.5,50,45.8,232,218,69,56,55.8,73.2,51.4,399,861,80,77,79.4,83.1,79.1,248,1704,59,48,85.8,77.1,86,151,1003,37,39,80.8,76.9,81,154,103,27,30,66.2,73.3,64.1
,,,,,,,,,,,,,,,,,,,,,,,,,,,,,,,,,,,,,,,,,,,,,,,,,,,,,,,,,,,,,,,,,,,,,,,,,,,,,,,,,,,,,,,,,,,,,,,,,,,,,,,,,,,,,,,,,,,,,,,,,,,,,,,,,,,,,,
,,,,,,,,,,,,,,,,,,,,,,,,,,,,,,,,,,,,,,,,,,,,,,,,,,,,,,,,,,,,,,,,,,,,,,,,,,,,,,,,,,,,,,,,,,,,,,,,,,,,,,,,,,,,,,,,,,,,,,,,,,,,,,,,,,,,,,
a/,La información se refiere al lugar de ocurrencia.,,,,,,,,,,,,,,,,,,,,,,,,,,,,,,,,,,,,,,,,,,,,,,,,,,,,,,,,,,,,,,,,,,,,,,,,,,,,,,,,,,,,,,,,,,,,,,,,,,,,,,,,,,,,,,,,,,,,,,,,,,,,,,,,,,,,,
b/,Porcentaje respecto al total de sentenciados. Fórmula.,Tasa de personas con sentencia condenatoria= Personas con sentencia condenatoria / Total de sentenciados * 100 En donde Personas con sentencia condenatoria = Personas con sentencia condenatoria del fuero común + Personas con sentencia condenatoria del fuero federal,,,,,,,,,,,,,,,,,,,,,,,,,,,,,,,,,,,,,,,,,,,,,,,,,,,,,,,,,,,,,,,,,,,,,,,,,,,,,,,,,,,,,,,,,,,,,,,,,,,,,,,,,,,,,,,,,,,,,,,,,,,,,,,,,,,,
c/,Porcentaje respecto al total de sentenciados del fuero federal. Fórmula.,Tasa de personas con sentencia condenatoria del fuero federal= Personas con sentencia condenatoria del fuero federal / Total de sentenciados del fuero federal * 100,,,,,,,,,,,,,,,,,,,,,,,,,,,,,,,,,,,,,,,,,,,,,,,,,,,,,,,,,,,,,,,,,,,,,,,,,,,,,,,,,,,,,,,,,,,,,,,,,,,,,,,,,,,,,,,,,,,,,,,,,,,,,,,,,,,,
d/,Porcentaje respecto al total de sentenciados del fuero común. Fórmula.,Tasa de personas con sentencia condenatoria del fuero común= Personas con sentencia condenatoria del fuero común / Total de sentenciados del fuero común* 100,,,,,,,,,,,,,,,,,,,,,,,,,,,,,,,,,,,,,,,,,,,,,,,,,,,,,,,,,,,,,,,,,,,,,,,,,,,,,,,,,,,,,,,,,,,,,,,,,,,,,,,,,,,,,,,,,,,,,,,,,,,,,,,,,,,,
C,"Cifra no publicable, por el principio de confidencialidad de la Ley de Información Estadística y Geográfica.",,,,,,,,,,,,,,,,,,,,,,,,,,,,,,,,,,,,,,,,,,,,,,,,,,,,,,,,,,,,,,,,,,,,,,,,,,,,,,,,,,,,,,,,,,,,,,,,,,,,,,,,,,,,,,,,,,,,,,,,,,,,,,,,,,,,,
NS,No significativo,,,,,,,,,,,,,,,,,,,,,,,,,,,,,,,,,,,,,,,,,,,,,,,,,,,,,,,,,,,,,,,,,,,,,,,,,,,,,,,,,,,,,,,,,,,,,,,,,,,,,,,,,,,,,,,,,,,,,,,,,,,,,,,,,,,,,
ND,No disponible,,,,,,,,,,,,,,,,,,,,,,,,,,,,,,,,,,,,,,,,,,,,,,,,,,,,,,,,,,,,,,,,,,,,,,,,,,,,,,,,,,,,,,,,,,,,,,,,,,,,,,,,,,,,,,,,,,,,,,,,,,,,,,,,,,,,,
