Área Geográfica,,Créditos y urbanización,,,,,,,,,,,,,,,,,,,,,,,,,,,,,,,,,,,,,,,,,,,,,,,,,,,,,,,,,,,,,,,,,,,,,,,,,,,,,,,,,,,,,,,,,,,,,,,,,,,,,,,,,,,,,,,,,,,,,,,,,,,,,,,,,,,,,,,,,,,,,,,,,,,,,,,,,,,,,,,,,,,,,,,,,,,,,,,,,,,,,,,,,,,,,,,,,,,,,,,,,,,,,,,,,,,,,,,,,,,,,,,,,,,,,,,,,,,,,,,,,,,,,,,,,,,,,,,,,,,,,,,,,,,,,,,,,,,,,,,,,,,,,,,,,,,,,,,,,,,,,,,,,,,,,,,,,,,,,,,,,,,,,,,,,,,,,,,,,,,,,,,,,,,,,,,,,,,,,,,,,,,,,,,,,,,,,,,,,
,,1994,,,,,,,,,,,,,,,,,,1995,,,,,,,,,,,,,,,,,,1996,,,,,,,,,,,,,,,,,,1997,,,,,,,,,,,,,,,,,,1998,,,,,,,,,,,,,,,,,,1999,,,,,,,,,,,,,,,,,,2000,,,,,,,,,,,,,,,,,,2001,,,,,,,,,,,,,,,,,,2002,,,,,,,,,,,,,,,,,,2003,,,,,,,,,,,,,,,,,,2004,,,,,,,,,,,,,,,,,,2005,,,,,,,,,,,,,,,,,,2006,,,,,,,,,,,,,,,,,,2007,,,,,,,,,,,,,,,,,,2008,,,,,,,,,,,,,,,,,,2009,,,,,,,,,,,,,,,,,,2010,,,,,,,,,,,,,,,,,,2011,,,,,,,,,,,,,,,,,,2012,,,,,,,,,,,,,,,,,,2013,,,,,,,,,,,,,,,,,,2014,,,,,,,,,,,,,,,,,
,,Créditos e inversión viv,,Urbanización,,,,,,,,,,,,,,,,Créditos e inversión viv,,Urbanización,,,,,,,,,,,,,,,,Créditos e inversión viv,,Urbanización,,,,,,,,,,,,,,,,Créditos e inversión viv,,Urbanización,,,,,,,,,,,,,,,,Créditos e inversión viv,,Urbanización,,,,,,,,,,,,,,,,Créditos e inversión viv,,Urbanización,,,,,,,,,,,,,,,,Créditos e inversión viv,,Urbanización,,,,,,,,,,,,,,,,Créditos e inversión viv,,Urbanización,,,,,,,,,,,,,,,,Créditos e inversión viv,,Urbanización,,,,,,,,,,,,,,,,Créditos e inversión viv,,Urbanización,,,,,,,,,,,,,,,,Créditos e inversión viv,,Urbanización,,,,,,,,,,,,,,,,Créditos e inversión viv,,Urbanización,,,,,,,,,,,,,,,,Créditos e inversión viv,,Urbanización,,,,,,,,,,,,,,,,Créditos e inversión viv,,Urbanización,,,,,,,,,,,,,,,,Créditos e inversión viv,,Urbanización,,,,,,,,,,,,,,,,Créditos e inversión viv,,Urbanización,,,,,,,,,,,,,,,,Créditos e inversión viv,,Urbanización,,,,,,,,,,,,,,,,Créditos e inversión viv,,Urbanización,,,,,,,,,,,,,,,,Créditos e inversión viv,,Urbanización,,,,,,,,,,,,,,,,Créditos e inversión viv,,Urbanización,,,,,,,,,,,,,,,,Créditos e inversión viv,,Urbanización,,,,,,,,,,,,,,,
Clave,Nombre,Créditos en programas de vivienda,Inversión ejercida en programas de vivienda (miles de pesos),Fuentes de abastecimiento de agua a/,Plantas potabilizadoras de agua en operación a/,Capacidad instalada de las plantas potabilizadoras en operación (litros por segundo) a/,Volumen suministrado anual de agua potable (millones de metros cúbicos) b/,Sistemas de agua entubada a/,Tomas domiciliarias de agua entubada a/,Localidades con red de distribución de agua entubada a/,Sistemas de drenaje y alcantarillado a/,Localidades con el servicio de drenaje y alcantarillado a/,Tomas instaladas de energía eléctrica a/,Localidades con el servicio de energía eléctrica a/,Parques de juegos infantiles a/,Jardines vecinales a/,Capacidad total de almacenamiento de las presas (millones de metros cúbicos) b/,Capacidad útil de almacenamiento de las presas (millones de metros cúbicos) b/,Volumen anual utilizado de agua de las presas (millones de metros cúbicos) c/,Créditos en programas de vivienda,Inversión ejercida en programas de vivienda (miles de pesos),Fuentes de abastecimiento de agua a/,Plantas potabilizadoras de agua en operación a/,Capacidad instalada de las plantas potabilizadoras en operación (litros por segundo) a/,Volumen suministrado anual de agua potable (millones de metros cúbicos) b/,Sistemas de agua entubada a/,Tomas domiciliarias de agua entubada a/,Localidades con red de distribución de agua entubada a/,Sistemas de drenaje y alcantarillado a/,Localidades con el servicio de drenaje y alcantarillado a/,Tomas instaladas de energía eléctrica a/,Localidades con el servicio de energía eléctrica a/,Parques de juegos infantiles a/,Jardines vecinales a/,Capacidad total de almacenamiento de las presas (millones de metros cúbicos) b/,Capacidad útil de almacenamiento de las presas (millones de metros cúbicos) b/,Volumen anual utilizado de agua de las presas (millones de metros cúbicos) c/,Créditos en programas de vivienda,Inversión ejercida en programas de vivienda (miles de pesos),Fuentes de abastecimiento de agua a/,Plantas potabilizadoras de agua en operación a/,Capacidad instalada de las plantas potabilizadoras en operación (litros por segundo) a/,Volumen suministrado anual de agua potable (millones de metros cúbicos) b/,Sistemas de agua entubada a/,Tomas domiciliarias de agua entubada a/,Localidades con red de distribución de agua entubada a/,Sistemas de drenaje y alcantarillado a/,Localidades con el servicio de drenaje y alcantarillado a/,Tomas instaladas de energía eléctrica a/,Localidades con el servicio de energía eléctrica a/,Parques de juegos infantiles a/,Jardines vecinales a/,Capacidad total de almacenamiento de las presas (millones de metros cúbicos) b/,Capacidad útil de almacenamiento de las presas (millones de metros cúbicos) b/,Volumen anual utilizado de agua de las presas (millones de metros cúbicos) c/,Créditos en programas de vivienda,Inversión ejercida en programas de vivienda (miles de pesos),Fuentes de abastecimiento de agua a/,Plantas potabilizadoras de agua en operación a/,Capacidad instalada de las plantas potabilizadoras en operación (litros por segundo) a/,Volumen suministrado anual de agua potable (millones de metros cúbicos) b/,Sistemas de agua entubada a/,Tomas domiciliarias de agua entubada a/,Localidades con red de distribución de agua entubada a/,Sistemas de drenaje y alcantarillado a/,Localidades con el servicio de drenaje y alcantarillado a/,Tomas instaladas de energía eléctrica a/,Localidades con el servicio de energía eléctrica a/,Parques de juegos infantiles a/,Jardines vecinales a/,Capacidad total de almacenamiento de las presas (millones de metros cúbicos) b/,Capacidad útil de almacenamiento de las presas (millones de metros cúbicos) b/,Volumen anual utilizado de agua de las presas (millones de metros cúbicos) c/,Créditos en programas de vivienda,Inversión ejercida en programas de vivienda (miles de pesos),Fuentes de abastecimiento de agua a/,Plantas potabilizadoras de agua en operación a/,Capacidad instalada de las plantas potabilizadoras en operación (litros por segundo) a/,Volumen suministrado anual de agua potable (millones de metros cúbicos) b/,Sistemas de agua entubada a/,Tomas domiciliarias de agua entubada a/,Localidades con red de distribución de agua entubada a/,Sistemas de drenaje y alcantarillado a/,Localidades con el servicio de drenaje y alcantarillado a/,Tomas instaladas de energía eléctrica a/,Localidades con el servicio de energía eléctrica a/,Parques de juegos infantiles a/,Jardines vecinales a/,Capacidad total de almacenamiento de las presas (millones de metros cúbicos) b/,Capacidad útil de almacenamiento de las presas (millones de metros cúbicos) b/,Volumen anual utilizado de agua de las presas (millones de metros cúbicos) c/,Créditos en programas de vivienda,Inversión ejercida en programas de vivienda (miles de pesos),Fuentes de abastecimiento de agua a/,Plantas potabilizadoras de agua en operación a/,Capacidad instalada de las plantas potabilizadoras en operación (litros por segundo) a/,Volumen suministrado anual de agua potable (millones de metros cúbicos) b/,Sistemas de agua entubada a/,Tomas domiciliarias de agua entubada a/,Localidades con red de distribución de agua entubada a/,Sistemas de drenaje y alcantarillado a/,Localidades con el servicio de drenaje y alcantarillado a/,Tomas instaladas de energía eléctrica a/,Localidades con el servicio de energía eléctrica a/,Parques de juegos infantiles a/,Jardines vecinales a/,Capacidad total de almacenamiento de las presas (millones de metros cúbicos) b/,Capacidad útil de almacenamiento de las presas (millones de metros cúbicos) b/,Volumen anual utilizado de agua de las presas (millones de metros cúbicos) c/,Créditos en programas de vivienda,Inversión ejercida en programas de vivienda (miles de pesos),Fuentes de abastecimiento de agua a/,Plantas potabilizadoras de agua en operación a/,Capacidad instalada de las plantas potabilizadoras en operación (litros por segundo) a/,Volumen suministrado anual de agua potable (millones de metros cúbicos) b/,Sistemas de agua entubada a/,Tomas domiciliarias de agua entubada a/,Localidades con red de distribución de agua entubada a/,Sistemas de drenaje y alcantarillado a/,Localidades con el servicio de drenaje y alcantarillado a/,Tomas instaladas de energía eléctrica a/,Localidades con el servicio de energía eléctrica a/,Parques de juegos infantiles a/,Jardines vecinales a/,Capacidad total de almacenamiento de las presas (millones de metros cúbicos) b/,Capacidad útil de almacenamiento de las presas (millones de metros cúbicos) b/,Volumen anual utilizado de agua de las presas (millones de metros cúbicos) c/,Créditos en programas de vivienda,Inversión ejercida en programas de vivienda (miles de pesos),Fuentes de abastecimiento de agua a/,Plantas potabilizadoras de agua en operación a/,Capacidad instalada de las plantas potabilizadoras en operación (litros por segundo) a/,Volumen suministrado anual de agua potable (millones de metros cúbicos) b/,Sistemas de agua entubada a/,Tomas domiciliarias de agua entubada a/,Localidades con red de distribución de agua entubada a/,Sistemas de drenaje y alcantarillado a/,Localidades con el servicio de drenaje y alcantarillado a/,Tomas instaladas de energía eléctrica a/,Localidades con el servicio de energía eléctrica a/,Parques de juegos infantiles a/,Jardines vecinales a/,Capacidad total de almacenamiento de las presas (millones de metros cúbicos) b/,Capacidad útil de almacenamiento de las presas (millones de metros cúbicos) b/,Volumen anual utilizado de agua de las presas (millones de metros cúbicos) c/,Créditos en programas de vivienda,Inversión ejercida en programas de vivienda (miles de pesos),Fuentes de abastecimiento de agua a/,Plantas potabilizadoras de agua en operación a/,Capacidad instalada de las plantas potabilizadoras en operación (litros por segundo) a/,Volumen suministrado anual de agua potable (millones de metros cúbicos) b/,Sistemas de agua entubada a/,Tomas domiciliarias de agua entubada a/,Localidades con red de distribución de agua entubada a/,Sistemas de drenaje y alcantarillado a/,Localidades con el servicio de drenaje y alcantarillado a/,Tomas instaladas de energía eléctrica a/,Localidades con el servicio de energía eléctrica a/,Parques de juegos infantiles a/,Jardines vecinales a/,Capacidad total de almacenamiento de las presas (millones de metros cúbicos) b/,Capacidad útil de almacenamiento de las presas (millones de metros cúbicos) b/,Volumen anual utilizado de agua de las presas (millones de metros cúbicos) c/,Créditos en programas de vivienda,Inversión ejercida en programas de vivienda (miles de pesos),Fuentes de abastecimiento de agua a/,Plantas potabilizadoras de agua en operación a/,Capacidad instalada de las plantas potabilizadoras en operación (litros por segundo) a/,Volumen suministrado anual de agua potable (millones de metros cúbicos) b/,Sistemas de agua entubada a/,Tomas domiciliarias de agua entubada a/,Localidades con red de distribución de agua entubada a/,Sistemas de drenaje y alcantarillado a/,Localidades con el servicio de drenaje y alcantarillado a/,Tomas instaladas de energía eléctrica a/,Localidades con el servicio de energía eléctrica a/,Parques de juegos infantiles a/,Jardines vecinales a/,Capacidad total de almacenamiento de las presas (millones de metros cúbicos) b/,Capacidad útil de almacenamiento de las presas (millones de metros cúbicos) b/,Volumen anual utilizado de agua de las presas (millones de metros cúbicos) c/,Créditos en programas de vivienda,Inversión ejercida en programas de vivienda (miles de pesos),Fuentes de abastecimiento de agua a/,Plantas potabilizadoras de agua en operación a/,Capacidad instalada de las plantas potabilizadoras en operación (litros por segundo) a/,Volumen suministrado anual de agua potable (millones de metros cúbicos) b/,Sistemas de agua entubada a/,Tomas domiciliarias de agua entubada a/,Localidades con red de distribución de agua entubada a/,Sistemas de drenaje y alcantarillado a/,Localidades con el servicio de drenaje y alcantarillado a/,Tomas instaladas de energía eléctrica a/,Localidades con el servicio de energía eléctrica a/,Parques de juegos infantiles a/,Jardines vecinales a/,Capacidad total de almacenamiento de las presas (millones de metros cúbicos) b/,Capacidad útil de almacenamiento de las presas (millones de metros cúbicos) b/,Volumen anual utilizado de agua de las presas (millones de metros cúbicos) c/,Créditos en programas de vivienda,Inversión ejercida en programas de vivienda (miles de pesos),Fuentes de abastecimiento de agua a/,Plantas potabilizadoras de agua en operación a/,Capacidad instalada de las plantas potabilizadoras en operación (litros por segundo) a/,Volumen suministrado anual de agua potable (millones de metros cúbicos) b/,Sistemas de agua entubada a/,Tomas domiciliarias de agua entubada a/,Localidades con red de distribución de agua entubada a/,Sistemas de drenaje y alcantarillado a/,Localidades con el servicio de drenaje y alcantarillado a/,Tomas instaladas de energía eléctrica a/,Localidades con el servicio de energía eléctrica a/,Parques de juegos infantiles a/,Jardines vecinales a/,Capacidad total de almacenamiento de las presas (millones de metros cúbicos) b/,Capacidad útil de almacenamiento de las presas (millones de metros cúbicos) b/,Volumen anual utilizado de agua de las presas (millones de metros cúbicos) c/,Créditos en programas de vivienda,Inversión ejercida en programas de vivienda (miles de pesos),Fuentes de abastecimiento de agua a/,Plantas potabilizadoras de agua en operación a/,Capacidad instalada de las plantas potabilizadoras en operación (litros por segundo) a/,Volumen suministrado anual de agua potable (millones de metros cúbicos) b/,Sistemas de agua entubada a/,Tomas domiciliarias de agua entubada a/,Localidades con red de distribución de agua entubada a/,Sistemas de drenaje y alcantarillado a/,Localidades con el servicio de drenaje y alcantarillado a/,Tomas instaladas de energía eléctrica a/,Localidades con el servicio de energía eléctrica a/,Parques de juegos infantiles a/,Jardines vecinales a/,Capacidad total de almacenamiento de las presas (millones de metros cúbicos) b/,Capacidad útil de almacenamiento de las presas (millones de metros cúbicos) b/,Volumen anual utilizado de agua de las presas (millones de metros cúbicos) c/,Créditos en programas de vivienda,Inversión ejercida en programas de vivienda (miles de pesos),Fuentes de abastecimiento de agua a/,Plantas potabilizadoras de agua en operación a/,Capacidad instalada de las plantas potabilizadoras en operación (litros por segundo) a/,Volumen suministrado anual de agua potable (millones de metros cúbicos) b/,Sistemas de agua entubada a/,Tomas domiciliarias de agua entubada a/,Localidades con red de distribución de agua entubada a/,Sistemas de drenaje y alcantarillado a/,Localidades con el servicio de drenaje y alcantarillado a/,Tomas instaladas de energía eléctrica a/,Localidades con el servicio de energía eléctrica a/,Parques de juegos infantiles a/,Jardines vecinales a/,Capacidad total de almacenamiento de las presas (millones de metros cúbicos) b/,Capacidad útil de almacenamiento de las presas (millones de metros cúbicos) b/,Volumen anual utilizado de agua de las presas (millones de metros cúbicos) c/,Créditos en programas de vivienda,Inversión ejercida en programas de vivienda (miles de pesos),Fuentes de abastecimiento de agua a/,Plantas potabilizadoras de agua en operación a/,Capacidad instalada de las plantas potabilizadoras en operación (litros por segundo) a/,Volumen suministrado anual de agua potable (millones de metros cúbicos) b/,Sistemas de agua entubada a/,Tomas domiciliarias de agua entubada a/,Localidades con red de distribución de agua entubada a/,Sistemas de drenaje y alcantarillado a/,Localidades con el servicio de drenaje y alcantarillado a/,Tomas instaladas de energía eléctrica a/,Localidades con el servicio de energía eléctrica a/,Parques de juegos infantiles a/,Jardines vecinales a/,Capacidad total de almacenamiento de las presas (millones de metros cúbicos) b/,Capacidad útil de almacenamiento de las presas (millones de metros cúbicos) b/,Volumen anual utilizado de agua de las presas (millones de metros cúbicos) c/,Créditos en programas de vivienda,Inversión ejercida en programas de vivienda (miles de pesos),Fuentes de abastecimiento de agua a/,Plantas potabilizadoras de agua en operación a/,Capacidad instalada de las plantas potabilizadoras en operación (litros por segundo) a/,Volumen suministrado anual de agua potable (millones de metros cúbicos) b/,Sistemas de agua entubada a/,Tomas domiciliarias de agua entubada a/,Localidades con red de distribución de agua entubada a/,Sistemas de drenaje y alcantarillado a/,Localidades con el servicio de drenaje y alcantarillado a/,Tomas instaladas de energía eléctrica a/,Localidades con el servicio de energía eléctrica a/,Parques de juegos infantiles a/,Jardines vecinales a/,Capacidad total de almacenamiento de las presas (millones de metros cúbicos) b/,Capacidad útil de almacenamiento de las presas (millones de metros cúbicos) b/,Volumen anual utilizado de agua de las presas (millones de metros cúbicos) c/,Créditos en programas de vivienda,Inversión ejercida en programas de vivienda (miles de pesos),Fuentes de abastecimiento de agua a/,Plantas potabilizadoras de agua en operación a/,Capacidad instalada de las plantas potabilizadoras en operación (litros por segundo) a/,Volumen suministrado anual de agua potable (millones de metros cúbicos) b/,Sistemas de agua entubada a/,Tomas domiciliarias de agua entubada a/,Localidades con red de distribución de agua entubada a/,Sistemas de drenaje y alcantarillado a/,Localidades con el servicio de drenaje y alcantarillado a/,Tomas instaladas de energía eléctrica a/,Localidades con el servicio de energía eléctrica a/,Parques de juegos infantiles a/,Jardines vecinales a/,Capacidad total de almacenamiento de las presas (millones de metros cúbicos) b/,Capacidad útil de almacenamiento de las presas (millones de metros cúbicos) b/,Volumen anual utilizado de agua de las presas (millones de metros cúbicos) c/,Créditos en programas de vivienda,Inversión ejercida en programas de vivienda (miles de pesos),Fuentes de abastecimiento de agua a/,Plantas potabilizadoras de agua en operación a/,Capacidad instalada de las plantas potabilizadoras en operación (litros por segundo) a/,Volumen suministrado anual de agua potable (millones de metros cúbicos) b/,Sistemas de agua entubada a/,Tomas domiciliarias de agua entubada a/,Localidades con red de distribución de agua entubada a/,Sistemas de drenaje y alcantarillado a/,Localidades con el servicio de drenaje y alcantarillado a/,Tomas instaladas de energía eléctrica a/,Localidades con el servicio de energía eléctrica a/,Parques de juegos infantiles a/,Jardines vecinales a/,Capacidad total de almacenamiento de las presas (millones de metros cúbicos) b/,Capacidad útil de almacenamiento de las presas (millones de metros cúbicos) b/,Volumen anual utilizado de agua de las presas (millones de metros cúbicos) c/,Créditos en programas de vivienda,Inversión ejercida en programas de vivienda (miles de pesos),Fuentes de abastecimiento de agua a/,Plantas potabilizadoras de agua en operación a/,Capacidad instalada de las plantas potabilizadoras en operación (litros por segundo) a/,Volumen suministrado anual de agua potable (millones de metros cúbicos) b/,Sistemas de agua entubada a/,Tomas domiciliarias de agua entubada a/,Localidades con red de distribución de agua entubada a/,Sistemas de drenaje y alcantarillado a/,Localidades con el servicio de drenaje y alcantarillado a/,Tomas instaladas de energía eléctrica a/,Localidades con el servicio de energía eléctrica a/,Parques de juegos infantiles a/,Jardines vecinales a/,Capacidad total de almacenamiento de las presas (millones de metros cúbicos) b/,Capacidad útil de almacenamiento de las presas (millones de metros cúbicos) b/,Volumen anual utilizado de agua de las presas (millones de metros cúbicos) c/,Créditos en programas de vivienda,Inversión ejercida en programas de vivienda (miles de pesos),Fuentes de abastecimiento de agua a/,Plantas potabilizadoras de agua en operación a/,Capacidad instalada de las plantas potabilizadoras en operación (litros por segundo) a/,Volumen suministrado anual de agua potable (millones de metros cúbicos) b/,Sistemas de agua entubada a/,Tomas domiciliarias de agua entubada a/,Localidades con red de distribución de agua entubada a/,Sistemas de drenaje y alcantarillado a/,Localidades con el servicio de drenaje y alcantarillado a/,Tomas instaladas de energía eléctrica a/,Localidades con el servicio de energía eléctrica a/,Parques de juegos infantiles a/,Jardines vecinales a/,Capacidad total de almacenamiento de las presas (millones de metros cúbicos) b/,Capacidad útil de almacenamiento de las presas (millones de metros cúbicos) b/,Volumen anual utilizado de agua de las presas (millones de metros cúbicos) c/,Créditos en programas de vivienda,Inversión ejercida en programas de vivienda (miles de pesos),Fuentes de abastecimiento de agua a/,Plantas potabilizadoras de agua en operación a/,Capacidad instalada de las plantas potabilizadoras en operación (litros por segundo) a/,Volumen suministrado anual de agua potable (millones de metros cúbicos) b/,Sistemas de agua entubada a/,Tomas domiciliarias de agua entubada a/,Localidades con red de distribución de agua entubada a/,Sistemas de drenaje y alcantarillado a/,Localidades con el servicio de drenaje y alcantarillado a/,Tomas instaladas de energía eléctrica a/,Localidades con el servicio de energía eléctrica a/,Parques de juegos infantiles a/,Jardines vecinales a/,Capacidad total de almacenamiento de las presas (millones de metros cúbicos) b/,Capacidad útil de almacenamiento de las presas (millones de metros cúbicos) b/,Volumen anual utilizado de agua de las presas (millones de metros cúbicos) c/
01,Aguascalientes,19536,367932,395,ND,ND,ND,241,172332,282,282,282,192172,926,47,104,463,438,168,13708,352475,408,ND,ND,ND,242,186116,285,285,285,207598,935,82,121,458,436,186,14755,357030,413,ND,ND,ND,253,180657,347,241,241,210315,935,81,106,459,438,186,6679,339968,413,ND,ND,ND,253,187622,347,241,241,225666,937,12,219,459,438,186,8377,418893,411,ND,ND,ND,257,187596,348,308,308,234131,1338,16,84,458,438,142,12712,649072,427,ND,ND,ND,248,193901,352,291,291,246017,1342,48,192,458,438,142,10072,875419,430,1,1643,1,248,199651,352,292,292,262580,1343,48,190,458,438,142,18928,904545,430,1,1643,1,248,207328,352,292,292,274774,1453,49,162,458,438,142,20246,1342692,427,2,38,1,248,240747,352,292,292,286098,1453,22,98,457,437,141,21683,1958022,429,2,38,1,280,244968,363,312,312,300844,1453,24,102,457,437,128,20187,2212152,426,2,38,1,280,253854,367,313,313,317193,1453,26,202,455,436,131,20278,2417197,342,2,38,1,179,266092,220,313,313,332950,1461,29,233,456,437,132,20663,3098872,ND,ND,ND,ND,ND,ND,ND,ND,ND,348112,1799,22,177,456,437,133,31711,2892372,ND,ND,ND,ND,ND,76354,ND,ND,ND,363611,1623,115,74,456,437,133,22291,3146495,ND,ND,ND,ND,337,69095,424,ND,ND,373882,1614,162,132,467,437,133,23773,3469042,ND,ND,ND,ND,351,296583,463,379,379,378352,1614,180,162,467,427,123,22212,3736898,ND,ND,ND,ND,358,322696,470,379,403,388478,1614,203,172,467,435,132,19580,3929718,ND,ND,ND,ND,470,336710,481,403,417,399477,1771,225,213,467,437,132,21598,4094461,464,1,18,NS,ND,ND,ND,417,422,411204,1772,261,220,467,434,132,20349,4060976,358,1,18,NS,ND,ND,ND,427,422,422341,1778,235,203,467,435,132,21379,4754582,245,1,19,1,ND,ND,ND,504,522,433656,1783,ND,ND,467,435,132
02,Baja California,9590,591993,356,ND,ND,ND,ND,413365,29,ND,18,546863,1104,ND,ND,184,174,49,9250,757392,355,ND,ND,ND,ND,454423,25,ND,11,581621,1106,ND,ND,184,174,88,7908,761200,369,ND,ND,ND,204,523528,201,15,14,596048,3009,ND,ND,184,174,69,8454,793603,373,ND,ND,ND,27,537401,52,ND,ND,622736,3008,39,20,190,135,88,10090,1048933,379,ND,ND,ND,29,550219,29,ND,ND,670893,3009,ND,ND,188,135,94,13838,1647024,437,ND,ND,ND,243,562152,234,ND,ND,697803,3010,ND,ND,188,135,94,17515,3139623,255,19,8744,224,243,582619,235,ND,ND,730363,3010,ND,ND,188,135,79,17304,4101790,256,19,8744,195,256,616422,239,13,13,761872,ND,ND,ND,188,135,2200,26306,4702156,256,19,8744,204,259,670710,242,13,13,791696,2941,ND,ND,188,135,2380,30731,6455874,303,37,10560,175,232,712473,270,14,14,835457,2942,ND,ND,188,135,2210,38119,7747550,385,37,9004,188,233,755296,271,14,14,872806,2954,26,24,188,135,2214,31885,8341336,338,34,8279,182,200,853608,282,16,43,917692,2962,ND,ND,188,135,2107,37551,10488798,6889,34,8797,230,200,847167,282,17,51,963209,3100,176,150,188,135,2015,35427,8855080,6934,25,8903,202,202,939595,250,17,13,1006987,3109,343,33,188,135,1786,49646,11442033,6291,26,9037,201,195,996935,250,18,14,1044628,3053,188,27,188,135,2045,43249,10772636,6291,26,9037,202,195,1032059,250,18,14,1057902,3056,223,31,188,135,2012,46262,10629730,6385,30,12056,195,196,1063677,251,20,15,1068414,3056,262,98,188,135,1852,52810,10529716,6515,31,12156,201,192,1087650,251,22,17,1096278,3624,298,106,188,135,1973,56867,10296244,6628,46,12202,210,ND,ND,ND,26,18,1124523,3626,96,107,188,135,1986,54613,8630117,6657,31,12156,212,ND,ND,ND,27,19,1149356,3648,286,116,188,135,2084,51455,9385690,6719,31,12156,220,ND,ND,ND,27,19,1168513,3659,ND,ND,177,171,6270
03,Baja California Sur,2253,79668,171,ND,ND,ND,120,87114,139,10,10,91079,730,7,ND,43,25,5,1637,87619,171,ND,ND,ND,120,90440,139,10,10,94626,743,7,ND,41,25,5,3821,147661,167,ND,ND,ND,120,93926,139,10,10,98408,1369,7,ND,35,26,18,2730,116514,173,ND,ND,ND,107,97820,112,12,15,103915,1312,21,ND,35,26,17,1900,215928,187,ND,ND,ND,102,101050,112,12,17,110251,1314,29,ND,35,26,21,2921,346179,188,ND,ND,ND,112,107238,113,14,17,119961,1321,96,32,35,26,8,4206,461624,191,ND,ND,ND,112,112351,114,14,20,127798,1323,99,ND,35,26,2,4885,516914,192,ND,ND,ND,112,117221,114,14,20,135161,1961,ND,ND,35,ND,2,4480,786450,174,ND,ND,ND,105,121639,106,14,20,146029,1961,ND,ND,35,25,2,6274,1139018,169,1,0,0,105,125335,106,15,13,155218,1961,ND,ND,60,31,2,6023,1778438,147,ND,ND,ND,93,122626,93,12,12,172101,1962,ND,ND,60,31,2,5342,1954859,172,1,ND,ND,98,129510,89,ND,ND,183870,1964,ND,ND,60,31,2,7405,2420005,114,ND,ND,ND,73,107306,73,15,15,192568,1458,ND,ND,60,31,3,6413,1619246,61,16,275,6,106,129421,106,9,9,205893,1459,ND,ND,60,31,2,12304,3646914,132,16,275,6,106,191782,106,20,20,219354,1430,ND,ND,60,31,2,11306,2684190,110,16,215,6,75,121134,78,14,16,226562,1434,137,15,60,31,2,12113,2670143,111,16,216,6,74,115812,78,15,17,232236,1436,109,64,60,31,1,10906,2810095,138,17,215,6,102,187528,106,20,22,240134,2341,156,81,60,31,1,15640,2484434,122,19,215,6,ND,ND,ND,15,17,247686,2341,200,71,55,31,2,16117,2487750,158,19,215,7,ND,ND,ND,21,22,256243,1960,211,61,55,31,2,13754,2669615,186,19,211,7,ND,ND,ND,22,23,263646,1961,ND,ND,68,39,3
04,Campeche,16420,180509,405,ND,ND,ND,218,101385,218,4,4,100641,217,101,18,0,0,0,5727,106399,444,ND,ND,ND,222,101048,225,4,4,107196,263,93,12,0,0,0,2532,100794,471,ND,ND,ND,252,109291,ND,4,4,110395,266,109,49,0,0,0,5023,162291,497,ND,ND,ND,281,120682,280,6,6,113115,268,116,82,0,0,0,10308,116414,524,ND,ND,ND,293,121755,300,17,17,151357,279,202,114,0,0,0,4687,179624,542,ND,ND,ND,305,128225,314,23,23,117603,271,169,112,0,0,0,25283,415189,554,4,325,1,316,130446,338,23,23,159214,292,186,159,0,0,0,17268,408431,577,3,45,1,333,134245,379,23,23,166110,346,244,135,0,0,0,17104,443850,606,3,45,1,343,135553,415,23,23,175142,1362,253,127,0,0,0,3731,565438,621,3,45,1,349,137946,423,23,23,182118,1251,249,127,0,0,0,7306,679937,653,3,45,0,362,155778,444,23,23,192138,1272,268,174,0,0,0,7981,772501,664,3,45,0,363,159832,447,23,23,201218,1272,281,176,0,0,0,7976,1101978,690,2,45,0,383,166203,457,23,23,210768,1321,281,179,0,0,0,10307,818469,707,2,45,0,413,174550,459,25,25,218650,1321,308,191,0,0,0,19810,1136418,707,2,45,0,414,174625,459,25,25,229835,1407,321,197,0,0,0,24286,1368625,694,1,20,0,425,184106,424,25,25,236164,1309,ND,ND,0,0,0,19605,1417154,703,1,13,NS,428,186836,427,25,25,240451,1233,265,119,0,0,0,21433,1510719,710,1,13,NS,442,194843,445,25,25,250614,1616,404,182,0,0,0,13176,1799252,730,1,13,NS,ND,ND,ND,25,25,259598,1616,412,185,0,0,0,12522,1692153,739,1,13,NS,ND,ND,ND,25,25,273876,1617,414,186,0,0,0,13764,2182766,750,1,13,NS,ND,ND,ND,25,25,291664,1621,ND,ND,0,0,0
05,Coahuila de Zaragoza,20005,819414,298,ND,ND,ND,47,424051,334,47,55,518371,749,ND,ND,8666,5949,4087,12591,573670,181,ND,ND,ND,17,376202,ND,17,ND,540173,399,ND,ND,8668,5950,4087,6848,572603,257,ND,ND,ND,ND,454104,ND,27,ND,563303,758,ND,ND,8673,5956,284,22089,941825,318,ND,ND,ND,ND,462339,ND,27,ND,568717,750,ND,ND,8673,5278,270,9297,973167,314,ND,ND,ND,37,508006,ND,29,29,379411,406,ND,ND,8652,5262,783,11608,1643531,318,ND,ND,ND,37,526009,221,29,29,391408,406,ND,ND,8652,5262,174,14688,2180427,326,ND,ND,ND,ND,553674,ND,ND,ND,224522,345,ND,ND,8651,5450,1022,15769,2194992,455,5,1525,48,ND,510003,ND,22,56,652199,709,ND,ND,7926,5450,812,16734,2845577,373,11,ND,ND,ND,595095,328,29,ND,678318,709,ND,ND,7926,5404,553,31970,3988819,488,6,1782,25,ND,612092,321,ND,ND,706205,709,ND,ND,7927,5404,289,22408,4552735,540,6,1930,36,ND,632526,362,ND,65,733796,756,189,137,7927,5404,125,25853,5542183,308,39,2025,56,ND,659356,348,ND,96,761158,789,49,307,7927,5404,1272,32410,7155337,325,53,2059,48,ND,700300,332,ND,93,784039,789,39,35,7928,5405,1134,30881,6755481,345,64,2061,48,ND,710690,ND,ND,ND,815118,789,ND,ND,8225,5561,657,51524,7917385,352,64,2061,48,40,747486,354,33,99,836185,815,ND,ND,8225,5561,1590,44024,7927813,360,64,2061,48,39,768933,313,30,121,846811,815,ND,ND,8225,5561,1593,37793,8624582,387,64,2061,48,37,793295,335,29,136,858773,937,ND,ND,8225,5561,847,36272,8216540,379,56,2028,46,37,774391,343,28,130,863382,937,198,181,8225,5561,898,46550,8729663,367,56,2035,54,ND,ND,ND,30,130,870245,937,224,199,8225,5561,1519,49931,9026114,362,60,2175,66,ND,ND,ND,30,130,924418,937,381,657,8225,5561,982,52979,10433401,362,60,2175,66,ND,ND,ND,30,130,947077,937,ND,ND,8236,5563,773
06,Colima,7031,205343,234,0,0,0,168,122141,173,ND,ND,128649,532,35,118,0,0,108,14176,189168,265,0,0,0,187,133449,187,58,58,136434,243,27,158,0,0,91,3604,166791,244,0,0,0,205,132768,205,65,65,143190,152,41,196,0,0,90,6943,153777,216,0,0,0,205,137801,205,65,65,141113,ND,45,154,0,0,150,3940,228178,307,0,0,0,208,143667,208,67,67,ND,ND,59,155,0,0,92,3744,398987,309,0,0,0,209,148968,209,69,69,156859,ND,86,154,0,0,92,4613,571990,244,0,0,0,210,151079,210,69,69,164950,ND,63,132,0,0,262,5657,663125,309,0,0,0,209,165929,209,71,69,174344,ND,53,157,0,0,262,10543,843950,279,0,0,0,164,141551,161,73,73,182873,210,44,104,0,0,262,9764,1120364,296,0,0,0,195,184080,195,71,69,189660,215,75,158,0,0,160,12666,1046542,298,0,0,0,189,188319,193,73,71,200710,215,127,123,0,0,177,5479,1042829,298,0,0,0,179,199878,192,79,79,210080,209,148,175,0,0,232,11549,1449509,300,0,0,0,180,209662,188,82,81,219461,209,151,142,0,0,226,9140,1745749,296,0,0,0,180,218768,197,83,84,228545,208,203,211,0,0,232,11203,1807223,301,0,0,0,182,225674,199,85,86,238247,211,199,166,0,0,261,12813,1724319,304,0,0,0,181,233943,199,91,90,246534,208,218,254,0,0,230,11778,2022381,285,0,0,0,160,233962,177,84,83,253896,208,257,196,0,0,242,12149,1910151,318,0,0,0,183,249623,201,94,92,262877,210,307,220,0,0,218,11640,2436182,319,0,0,0,ND,ND,ND,91,93,270525,210,353,279,0,0,240,9064,2090774,321,0,0,0,ND,ND,ND,93,96,276781,210,6,632,0,0,270,11656,2582080,329,0,0,0,ND,ND,ND,94,95,283809,211,ND,ND,0,0,0
07,Chiapas,25069,204226,178,ND,ND,ND,111,228246,111,254,254,ND,ND,ND,ND,34501,22902,40287,45659,329191,413,ND,ND,ND,1289,328158,1289,257,257,ND,ND,ND,ND,34501,22902,50128,59876,305718,430,ND,ND,ND,1979,381972,1979,295,295,634934,687,154,19,34501,21441,67620,64326,414768,657,ND,ND,ND,2314,392590,2314,296,296,666335,3362,14,57,36835,22902,53448,3075,199087,6697,ND,ND,ND,3108,414093,3108,296,296,662412,3407,18,71,36835,23138,44939,28501,892633,17578,ND,ND,ND,3123,414093,3123,346,346,516253,2271,233,108,36835,23138,49170,7349,771061,18122,ND,ND,ND,3431,414093,3431,349,349,36599,336,124,17,36868,22932,82236,9507,598663,18613,2,2500,60,3433,434310,3433,349,349,534507,2478,11,3,36868,30495,64832,28632,769644,18839,2,2500,60,3547,441851,3549,369,367,795816,4007,19,18,36868,30495,64896,30542,1033786,18952,2,2500,60,3626,452575,3628,393,391,821291,4068,101,52,36868,30495,29112,103722,1681122,18971,2,2500,60,3706,460575,3707,402,400,993569,4584,6,13,36835,30467,38901,33306,1708360,19054,2,2500,60,3824,467264,3825,404,402,1015873,5604,129,ND,36835,30467,51155,31326,2093653,20275,2,2500,60,3845,469223,3845,410,408,1044721,3484,ND,ND,36835,30467,70449,61743,1978042,19147,ND,ND,ND,3910,474045,3910,414,412,1036611,3794,ND,ND,36835,30463,38897,121592,3234186,19308,ND,ND,ND,4032,486468,4017,422,420,1162648,4352,217,2,36835,30463,28349,141379,3899094,19316,ND,ND,ND,4080,493397,4064,455,453,1236813,14772,244,8,36835,30463,45508,109917,4310394,19317,0,0,0,0,0,0,1067,1080,1283499,14812,79,78,41093,34337,49054,79940,3987576,19340,2,2500,61,ND,ND,ND,1090,1103,1331262,16163,24,25,36602,30148,81819,77456,3920532,30460,4,4500,85,ND,ND,ND,1212,1226,1370898,16177,141,56,36602,30148,74173,54154,3782583,19434,4,4500,89,ND,ND,ND,1236,1250,1411725,16189,199,77,36602,30148,52887,58922,4285720,19430,4,4752,83,ND,ND,ND,1257,1269,1455747,16209,ND,ND,36602,30148,79179
08,Chihuahua,19027,817435,356,ND,ND,ND,783,580713,822,119,119,532692,2993,ND,ND,4528,742,2161,19028,671586,462,ND,ND,ND,791,601715,859,126,126,727323,3013,145,550,4528,823,308,23743,897889,394,ND,ND,ND,811,614174,895,136,136,699865,3009,ND,ND,4458,2839,750,17161,841134,411,ND,ND,ND,845,646818,934,160,160,728333,3292,ND,ND,4263,2044,2689,21833,1463092,422,ND,ND,ND,862,671598,938,180,180,759084,1128,46,206,4507,1304,2070,24608,2173019,9655,ND,ND,ND,866,699516,943,186,187,787936,1219,ND,ND,2087,1844,1206,32190,3448676,ND,2,357,7,979,736901,1041,206,218,828937,722,ND,ND,1490,1247,1842,20281,3690376,9739,2,357,7,1349,780545,1417,215,240,868412,1104,ND,ND,1238,995,1298,34379,4282261,9795,2,357,7,1446,835715,1516,234,260,905025,1210,ND,ND,1447,1204,977,46067,6442645,9795,2,357,4,1446,849565,1516,240,266,933396,1265,ND,ND,4027,1022,1090,32236,7051959,ND,2,357,4,1423,852215,1515,255,281,970809,1301,ND,ND,4027,1782,688,38289,7802702,ND,2,357,4,1419,943050,1511,259,286,1005805,1301,ND,ND,3988,1840,1009,48904,10262810,ND,2,330,3,1419,987119,1512,262,289,1044774,1249,ND,ND,3988,3036,915,104451,9118857,ND,3,390,5,1432,1019676,1536,268,297,1082352,1275,ND,ND,4504,4264,1215,68754,9798298,ND,3,390,5,1440,1061388,1548,279,313,1112831,1252,ND,ND,4504,4264,1053,70462,9698638,ND,3,390,5,1447,1093016,1559,289,324,1134918,1252,ND,ND,4602,4418,1375,55464,9289183,ND,4,590,39,1460,1099969,1561,296,332,1133674,1246,ND,ND,4491,4189,1335,53732,8677074,464,4,590,46,1422,869223,1538,307,345,1132736,1246,0,0,4491,ND,1425,52116,9329666,494,4,535,10,ND,ND,ND,314,356,1142032,1240,ND,ND,4491,ND,1068,86349,12685450,505,7,579,10,ND,ND,ND,319,362,1181069,1246,ND,ND,4491,ND,592,61406,15867900,514,5,440,7,ND,ND,ND,326,371,1195920,1246,ND,ND,4483,ND,957
09,Ciudad de México,21433,2044371,740,12,2143,39,ND,ND,ND,ND,ND,2449560,ND,ND,ND,2,ND,ND,30465,2696357,409,15,2308,43,ND,ND,ND,ND,ND,2419412,ND,ND,ND,2,ND,ND,27328,2175236,369,15,2308,43,ND,1384395,ND,ND,ND,2293280,ND,ND,ND,2,ND,ND,28669,3086529,470,15,2308,43,ND,1631398,ND,ND,ND,2316212,ND,ND,ND,2,ND,ND,27870,4152675,363,26,2921,57,ND,1697100,ND,ND,ND,2374869,ND,546,606,2,ND,ND,37552,5369543,419,32,3261,66,ND,1079989,ND,ND,ND,2357062,ND,501,719,3,ND,ND,45629,4282109,413,32,3261,67,ND,1112666,ND,ND,ND,2454248,ND,626,584,3,ND,ND,56371,7834083,482,27,2385,42,ND,1094835,ND,ND,ND,2529947,ND,614,869,3,ND,ND,93535,12205719,363,32,2595,41,ND,1100999,ND,ND,ND,2617059,ND,664,869,2,ND,ND,60425,12674263,355,32,2750,50,4,1108113,ND,ND,ND,2688771,ND,721,861,3,ND,ND,78823,16832319,429,32,2795,36,4,1110849,ND,ND,ND,2751706,ND,673,883,3,ND,ND,57174,15409791,491,33,2801,68,4,1089888,ND,ND,ND,2745605,ND,387,772,3,ND,ND,66490,25302357,491,35,2859,90,4,1155627,ND,ND,ND,2753470,ND,429,1060,3,ND,ND,66731,20224411,520,35,2919,92,4,1158491,ND,ND,ND,2869314,ND,438,1165,3,ND,ND,79275,18642012,520,38,2999,54,4,1131086,ND,ND,ND,2994727,ND,482,1249,3,ND,ND,75702,26298628,523,41,3903,88,4,1122176,ND,ND,ND,2970228,ND,600,770,3,ND,ND,62428,22633884,560,43,4818,84,4,1122738,ND,ND,ND,2771278,482,547,694,3,ND,ND,57342,25689498,566,42,5131,118,4,1123522,ND,ND,ND,2831637,482,569,726,3,0,ND,52821,30682440,540,38,5180,103,ND,ND,ND,ND,ND,2878230,547,601,719,3,ND,ND,84866,24755261,540,39,4419,94,ND,ND,ND,ND,ND,2936948,547,592,668,3,ND,ND,104526,32396692,531,50,5738,139,ND,ND,ND,ND,ND,2958764,560,ND,ND,3,ND,ND
10,Durango,12573,372430,491,ND,ND,ND,35,265989,1690,1159,1159,295984,2013,ND,ND,4510,4093,1413,16265,394962,618,ND,ND,ND,36,286102,1421,921,922,299880,2015,ND,ND,4543,4124,180,13229,268742,2511,ND,ND,ND,42,299194,1776,1161,1161,317591,1974,ND,ND,4590,4005,718,5295,354776,2580,ND,ND,ND,42,315026,2088,1212,1212,330270,3240,ND,ND,4590,4005,1288,8023,278868,3620,ND,ND,ND,43,330325,2088,1212,1212,339350,1024,40,245,4590,4005,622,6082,580544,6131,ND,ND,ND,47,348530,2105,1212,1212,350421,1043,24,151,4590,4005,799,17546,778645,7676,12,22,0,159,306926,2105,1115,1115,362713,1034,17,92,4590,4005,1525,13410,712393,7609,12,22,0,169,306860,2150,897,1255,369888,1037,13,163,4590,4005,877,9468,898174,7245,12,22,0,143,318346,1267,929,1040,383393,1143,ND,ND,4590,4005,663,20668,1335887,7397,12,22,0,160,328934,1243,929,1040,396663,1085,ND,ND,4590,4005,717,14237,1384101,6884,12,22,0,163,328848,1156,722,1230,407723,1077,ND,ND,4127,1069,807,12338,1611645,6889,13,22,0,163,330934,1166,724,1184,421625,1095,ND,ND,4127,2459,1059,18069,2114370,6223,13,23,0,ND,353181,1030,576,924,435646,1077,ND,ND,4119,3932,1113,13437,2070519,6295,14,23,0,152,228615,809,508,784,450853,1049,ND,ND,4133,3947,1962,28436,2301883,6270,34,31,1,152,368918,955,508,819,465592,ND,16,158,4134,3948,151,21517,2358459,11007,14,23,0,177,230304,809,513,785,471044,1266,ND,ND,4144,3956,189,27081,2600275,12182,14,23,NS,184,456807,970,522,848,476017,1183,0,0,4173,3989,167,27968,2669235,10459,14,23,NS,192,465747,1011,577,868,493002,1182,0,0,4173,3989,4528,27149,2809081,12410,42,15,NS,ND,ND,ND,7,60,501481,1182,ND,ND,4173,3984,1119,32887,3362330,9916,45,15,NS,ND,ND,ND,7,60,509091,1182,ND,ND,5903,3988,746,32507,3835013,9961,66,220,5,ND,ND,ND,7,60,514365,3672,ND,ND,5903,3988,1022
11,Guanajuato,8468,463757,1703,ND,ND,ND,ND,520053,1510,ND,586,865177,4242,271,227,ND,ND,ND,9498,549629,422,ND,ND,ND,ND,540471,ND,ND,ND,937088,4429,ND,241,2655,1572,ND,10517,686004,462,ND,ND,ND,ND,578684,113,46,ND,985227,6802,ND,ND,ND,ND,ND,12008,789867,462,ND,ND,ND,46,607331,ND,46,195,1021458,6909,ND,ND,ND,ND,ND,11347,898687,486,ND,ND,ND,46,623359,ND,ND,ND,1034796,6926,ND,ND,ND,ND,ND,18526,1774524,503,ND,ND,ND,ND,641821,203,ND,205,1100292,6953,ND,ND,1857,1098,980,18255,2378869,536,7,335,9,ND,667754,203,ND,205,1152576,6990,ND,ND,1909,1130,930,16984,2270800,530,7,335,9,ND,712605,215,ND,217,1191935,7366,ND,ND,1905,1167,381,22112,3395419,561,ND,ND,ND,46,728267,217,46,217,1230936,3167,ND,ND,ND,ND,ND,28361,4972229,567,17,336,9,46,767885,217,46,217,1291963,7388,ND,ND,2475,1509,1838,27804,5613535,575,26,331,11,ND,812355,308,ND,ND,1338644,7527,147,150,2474,1509,1057,34422,5770650,582,26,331,10,ND,842793,308,ND,ND,1408214,7659,123,429,2469,1681,1312,35587,7885624,584,26,331,10,ND,875037,308,ND,ND,1493782,7660,404,566,2490,1582,816,34223,6929519,584,26,331,10,ND,905693,308,ND,ND,1557972,ND,404,566,2490,1580,938,62606,8717150,584,ND,ND,ND,ND,937233,308,ND,ND,1624865,7736,289,416,2393,1480,1154,59257,9389474,588,26,331,10,ND,966011,308,ND,ND,1628854,7797,215,421,2494,1473,1151,60677,9838845,594,35,436,11,ND,987632,299,ND,ND,1693312,4133,283,334,2494,1500,603,62405,10520708,628,35,436,11,ND,1003941,262,ND,ND,1722302,4133,456,429,2494,1481,1150,59921,11944372,680,35,437,14,ND,ND,ND,ND,283,1775714,4156,549,605,2422,1673,726,52789,10634772,691,36,687,144,ND,ND,ND,ND,290,1817820,4175,423,661,2423,1674,634,53742,11862900,706,ND,ND,ND,ND,ND,ND,ND,290,1865870,4177,ND,ND,2423,1674,829
12,Guerrero,5757,295162,ND,ND,ND,ND,ND,208365,1155,48,48,514761,1998,74,ND,728,ND,483,40145,283883,ND,ND,ND,ND,ND,217186,ND,58,58,523782,2116,ND,ND,2283,1349,ND,72738,424440,ND,ND,ND,ND,ND,201994,ND,ND,ND,514054,ND,268,ND,ND,ND,ND,12262,442223,ND,ND,ND,ND,ND,236170,ND,140,140,536722,ND,118,156,ND,ND,ND,2801,288554,ND,ND,ND,ND,1664,254401,ND,140,140,ND,ND,126,ND,ND,481,ND,3305,440275,7592,ND,ND,ND,1802,273517,ND,160,160,ND,ND,ND,ND,ND,3318,ND,2240,345991,8293,4,2460,55,1874,281384,1874,181,181,ND,2974,ND,ND,ND,3318,ND,3312,418849,7665,5,2690,70,ND,282158,ND,220,220,ND,ND,ND,ND,ND,3330,ND,11741,439379,8666,9,2808,81,ND,417621,ND,220,220,691186,3460,ND,ND,3281,2391,ND,17317,888163,8243,10,3108,92,ND,ND,ND,ND,ND,731543,3460,ND,ND,2983,2058,ND,15207,1310026,8834,11,3138,92,ND,ND,ND,ND,ND,767019,3460,ND,ND,2983,2058,ND,12184,1394717,7956,12,3308,94,ND,222896,ND,ND,ND,ND,ND,ND,ND,2983,2058,ND,36690,2479532,7956,12,3318,94,1184,329588,1157,385,385,ND,ND,ND,ND,2983,2058,4943,23028,2415405,9229,12,3318,95,1225,333611,1197,ND,ND,857116,ND,ND,ND,3071,2061,5484,125064,4237000,9361,11,3278,94,1261,346998,1234,ND,ND,884009,4495,ND,ND,3071,2062,5728,40398,3250274,8906,11,3278,94,1263,368513,1263,ND,ND,935754,4799,ND,ND,3071,2062,5718,72660,4298043,9780,12,3328,94,1334,379241,1334,ND,ND,930371,4799,56,177,3098,2082,10569,38441,3687503,9959,12,3328,94,1394,394452,1394,ND,ND,981022,5246,39,48,3098,2082,11912,56775,3792201,10540,12,3328,95,ND,ND,ND,ND,ND,1004550,5153,ND,ND,3098,2082,8985,32682,3261848,10740,12,3328,95,ND,ND,ND,ND,ND,988304,5236,ND,ND,3098,2082,5368,21983,2735077,12315,12,3548,100,ND,ND,ND,ND,ND,1038653,5238,ND,ND,3087,2082,5562
13,Hidalgo,36975,395687,415,ND,ND,ND,198,195947,495,62,62,123571,1037,ND,ND,ND,ND,ND,27354,289447,493,ND,ND,ND,407,ND,1031,157,157,130179,1087,6,38,1921,ND,ND,11468,336816,ND,ND,ND,ND,410,ND,1087,157,157,417211,755,6,38,1943,ND,ND,28509,382413,ND,ND,ND,ND,ND,ND,ND,452,452,443255,831,6,32,1943,ND,ND,13518,504052,809,ND,ND,ND,649,358924,1503,522,522,469028,1405,30,32,310,258,537,7975,1146673,809,ND,ND,ND,649,325723,1503,522,522,498809,1630,30,32,1743,1441,1355,6910,1032938,5968,ND,ND,ND,ND,ND,ND,ND,ND,444541,1253,ND,ND,1743,1368,293,10789,1370991,ND,1,80,1,ND,ND,ND,ND,ND,353434,ND,ND,ND,1743,1444,1223,25256,1448077,5809,1,80,3,30,219892,ND,ND,ND,379419,ND,ND,ND,1743,1444,1379,24655,1943445,6292,1,80,3,52,17481,92,12,23,395272,ND,ND,ND,1743,1444,1379,23272,1943308,6390,1,80,3,82,22771,134,18,37,629708,3614,ND,ND,1743,1444,1251,15953,2214515,6467,1,50,1,102,27342,154,20,39,622715,850,ND,ND,1743,1441,1488,105233,3415036,6437,2,230,5,109,30676,173,20,39,637682,ND,97,23,1743,1441,1458,23449,4066839,6206,2,130,4,179,186377,276,29,48,657781,1511,ND,ND,1743,1441,1458,43040,4366974,6317,2,130,4,201,186577,306,38,55,676190,1539,ND,ND,1743,1441,1458,42822,5129115,1971,2,130,4,226,39437,332,44,62,237536,1723,4,ND,1743,1441,1436,44178,5378669,6436,3,180,6,235,40197,349,55,73,764970,1567,149,52,1743,1441,1095,62689,6048215,6411,3,180,6,266,41318,380,68,86,812076,ND,44,79,1743,1440,1470,53935,5800315,6548,20,332,10,ND,ND,ND,2129,2129,855847,3252,37,89,1743,1440,1237,35873,6515838,6593,23,362,11,ND,ND,ND,3671,3430,871431,3268,53,116,1743,1440,1363,36456,7874100,6605,23,362,13,ND,ND,ND,3676,3433,889000,2801,ND,ND,1743,1440,1792
14,Jalisco,10363,640259,941,ND,ND,ND,ND,920863,ND,ND,ND,ND,ND,ND,ND,ND,ND,ND,9131,768924,847,ND,ND,ND,48,1187321,ND,ND,ND,1246786,1460,ND,ND,2529,1913,973,25186,861477,1200,ND,ND,ND,48,1024260,ND,48,ND,1292411,1466,ND,ND,2077,1828,ND,9549,902628,1136,ND,ND,ND,63,1111344,66,ND,ND,ND,ND,ND,ND,10173,ND,ND,12258,1433717,1218,ND,ND,ND,64,1086006,67,ND,ND,1398812,1541,ND,ND,10173,ND,ND,18859,2430763,1568,ND,ND,ND,65,1185716,65,65,65,1460901,1521,ND,ND,ND,13088,ND,28973,3442886,1613,3,14000,197,ND,1154696,ND,ND,ND,1527578,1561,ND,ND,ND,ND,ND,16063,3557230,1742,20,14519,194,91,1230617,ND,ND,ND,1583248,1638,ND,ND,9347,2305,1070,18604,3951443,186,18,14494,187,89,1255510,102,89,115,1631369,1704,ND,ND,7603,2367,1373,28393,6744673,182,18,12465,194,89,1277073,104,89,115,1807525,2133,ND,ND,11228,10310,1330,40365,8723374,191,20,12767,210,96,1316020,109,96,122,1966644,2559,ND,ND,11233,10311,721,42160,9922954,21897,20,12767,220,99,1392271,112,96,122,2050559,ND,58,773,11224,10296,958,49725,14057336,22799,21,13767,221,104,1435511,116,8,20,2134050,2462,50,69,11224,10296,855,54907,13790240,23985,21,13397,217,72,1417856,86,8,20,2221960,2503,98,821,11224,10296,827,72567,16563655,25820,21,13397,229,75,1510424,89,8,20,2290189,2517,121,720,11226,10298,936,66435,18008244,27815,26,13442,245,5,983547,13,8,20,2356426,2550,111,723,11269,10339,934,89659,19279590,29314,29,13520,329,8,1062992,16,8,20,2414578,2589,111,724,11269,10339,863,78105,20820588,27935,26,13542,330,8,1081280,16,8,20,2482672,2658,103,739,11269,10339,886,83720,21162612,24300,26,13735,239,ND,ND,ND,19,4,2550987,2667,92,703,12198,10991,801,91725,22677332,30108,25,13715,245,ND,ND,ND,19,4,2626504,2745,92,710,12220,11012,753,93911,25318031,33787,43,15408,262,ND,ND,ND,20,4,2689218,2738,ND,ND,12426,11012,1305
15,México,30853,1116853,85,ND,ND,ND,ND,1294419,ND,ND,ND,2042737,998,ND,ND,1096,ND,ND,60374,666906,66,ND,ND,ND,ND,2073371,ND,ND,ND,2197979,ND,ND,ND,1314,ND,ND,17265,1888092,178,ND,ND,ND,ND,1524745,ND,ND,ND,2345060,ND,ND,ND,1230,ND,ND,94842,1509082,166,ND,ND,ND,ND,1613557,ND,ND,ND,2399970,1008,ND,ND,1331,837,1000,102334,3576436,172,ND,ND,ND,ND,1639607,ND,ND,ND,2421744,ND,ND,ND,1331,837,1000,102334,3576436,177,ND,ND,ND,ND,1700931,ND,ND,ND,2505410,ND,ND,ND,1331,837,1000,30435,9199756,176,5,24060,ND,ND,1730334,ND,ND,ND,2511480,ND,ND,ND,ND,ND,ND,28425,5728303,180,6,20790,520,ND,2545429,ND,ND,ND,2601423,ND,ND,ND,ND,ND,ND,51282,6868876,189,6,20790,ND,ND,2634483,ND,ND,ND,2645028,ND,ND,ND,ND,ND,ND,46881,9845323,193,ND,ND,ND,ND,2634483,ND,ND,ND,2727709,2456,ND,ND,ND,ND,ND,49552,10960346,197,ND,ND,ND,ND,2987469,ND,ND,ND,2747385,2456,ND,ND,ND,ND,ND,58321,12850350,197,10,22144,ND,ND,ND,ND,ND,ND,2782826,2548,ND,ND,ND,ND,ND,71200,19062224,200,10,22144,ND,ND,3082753,ND,ND,ND,2793061,2548,ND,ND,1515,ND,1515,68488,17525134,197,10,22144,ND,ND,3196851,ND,ND,ND,2860704,ND,ND,ND,1661,ND,1661,133946,25407223,201,ND,ND,ND,ND,3278419,ND,475,573,2951053,ND,334,574,1515,ND,1515,116789,24470244,211,ND,ND,ND,ND,3272153,ND,426,853,3042452,2511,824,635,1515,ND,1515,142527,31600614,206,ND,ND,ND,ND,3309436,ND,662,2170,3524114,ND,942,1132,ND,ND,ND,144708,30283706,215,ND,ND,ND,ND,3627058,ND,597,1674,ND,ND,457,748,1662,ND,1662,133621,28406130,221,11,22164,ND,ND,ND,ND,767,1855,3917400,3353,482,1098,1662,ND,1662,105927,26577281,221,11,22164,ND,ND,ND,ND,792,2669,4050931,4472,1462,1912,1662,ND,1662,95409,27705640,223,11,22164,ND,ND,ND,ND,745,3797,4256676,4607,ND,ND,1514,ND,1514
16,Michoacán de Ocampo,10037,354197,286,ND,ND,ND,56,425789,ND,ND,ND,841135,2528,ND,ND,1585,1081,1081,4504,317481,792,ND,ND,ND,58,427567,ND,ND,ND,876203,2590,ND,ND,ND,ND,ND,5042,403419,ND,ND,ND,ND,ND,424303,ND,ND,ND,858520,ND,ND,9,15288,ND,ND,8926,494124,462,ND,ND,ND,1,15731,118,ND,ND,892733,ND,ND,ND,16055,ND,ND,5273,621262,2269,ND,ND,ND,1,124514,ND,ND,ND,938304,ND,13,56,15205,11672,29298,6186,837108,2486,ND,ND,ND,1,133133,16,16,16,979064,ND,ND,ND,ND,ND,ND,13231,1192425,3102,3,1028,31,1,135594,16,ND,ND,1019183,ND,ND,ND,14852,11570,21974,9627,1290457,3230,3,1028,32,ND,ND,ND,ND,ND,1058143,2851,ND,ND,14852,11568,22441,11520,1376750,2490,4,1103,32,ND,ND,ND,ND,ND,1099933,2888,ND,ND,15222,11692,29309,13913,2155939,7725,4,2245,66,1,162330,1,1,ND,1216308,2924,24,294,15312,9309,27251,14476,2251668,13266,5,2375,70,1,166399,1,1,1,1259512,2959,26,309,15267,11736,27951,17749,2904015,13465,5,2375,68,1,178068,1,1,1,1301330,2990,26,315,15277,9492,25020,20600,3895011,18288,5,2375,73,1,183614,1,1,1,1347512,3015,26,319,15277,9492,25020,25262,4238620,18563,5,2375,73,1,190857,1,1,1,1345611,3282,18,67,15140,9408,25015,52643,4797824,18699,5,2375,73,1,199339,1,1,1,1436710,3226,19,71,14926,12005,24715,60528,5577113,18783,5,2875,77,1,208045,1,1,1,1474856,3650,25,78,14900,11978,24697,76511,5529874,19437,5,2875,79,1,214567,1,1,1,1514997,3703,25,78,14899,11977,24697,77051,5955875,19861,5,2875,79,1,220208,1,1,1,1557341,3671,25,78,14899,11977,27366,68345,5507695,20300,5,2875,69,ND,ND,ND,1,1,1602534,3825,ND,ND,14286,11514,24964,33240,5370685,20463,5,3025,79,ND,ND,ND,12,12,1631802,3873,52,75,14357,11566,1244,28209,5484250,20463,6,4025,127,ND,ND,ND,12,12,1614684,3426,ND,ND,14353,11561,400
17,Morelos,5484,178405,163,ND,ND,ND,45,158824,51,ND,ND,329196,343,37,87,62,44,ND,3090,141503,488,ND,ND,ND,45,179987,ND,ND,ND,350285,343,122,346,54,48,ND,6476,205036,504,ND,ND,ND,ND,245645,ND,ND,ND,355968,343,118,360,54,47,ND,2635,215478,510,ND,ND,ND,ND,ND,ND,ND,ND,366185,343,131,358,54,47,ND,2684,260759,ND,ND,ND,ND,ND,ND,ND,ND,ND,103398,ND,146,344,54,47,ND,4438,590904,ND,ND,ND,ND,ND,ND,ND,ND,ND,ND,ND,146,344,ND,ND,ND,4106,602144,ND,ND,ND,ND,ND,ND,ND,ND,ND,412847,ND,146,ND,ND,ND,ND,5948,786406,75,ND,ND,ND,ND,79266,ND,ND,ND,448097,781,67,71,ND,ND,ND,4978,894919,75,ND,ND,ND,ND,81483,ND,ND,ND,451295,885,73,80,63,58,ND,7500,1276734,78,ND,ND,ND,ND,83392,ND,ND,ND,489414,886,73,80,64,58,ND,6823,1560957,72,ND,ND,ND,ND,85283,ND,ND,ND,515914,ND,105,122,65,59,ND,8741,1816488,73,ND,ND,ND,ND,86193,ND,ND,ND,524951,ND,99,135,65,59,ND,13996,3398094,73,ND,ND,ND,ND,88099,ND,ND,ND,534735,ND,ND,ND,65,59,ND,15186,3000722,68,ND,ND,ND,ND,90069,ND,ND,ND,564733,ND,ND,ND,66,59,ND,25523,4366128,261,ND,ND,ND,261,276542,363,ND,ND,589798,1121,32,26,66,60,54,25145,5655720,283,ND,ND,ND,283,305202,372,121,297,597180,1235,33,10,68,62,50,33191,6276649,285,8,35,1,285,319585,373,122,344,616353,1235,28,39,68,63,52,32442,6099166,2363,12,60,2,300,328896,373,124,355,632506,1334,15,21,68,63,50,32930,5633651,2427,12,60,2,ND,ND,ND,124,355,689769,1318,66,17,68,54,52,23597,5375255,2612,12,60,1,ND,ND,ND,124,355,670667,1349,103,54,68,54,52,19929,5434732,2608,14,102,3,ND,ND,ND,124,355,698338,1349,ND,ND,68,54,47
18,Nayarit,4856,119305,612,ND,ND,ND,24,120152,ND,52,52,211563,766,31,161,6980,2604,ND,7782,107339,641,ND,ND,ND,24,125408,ND,51,51,214678,562,ND,ND,7003,2606,ND,8463,170341,695,ND,ND,ND,22,131976,33,56,56,224212,566,16,194,5584,2606,5984,4847,142605,669,ND,ND,ND,22,134079,33,58,58,234157,569,ND,ND,5585,2607,5984,2081,243538,1762,ND,ND,ND,22,138148,33,66,66,245889,569,42,307,5585,2607,5984,3066,414169,1864,ND,ND,ND,28,147733,39,67,67,258732,580,ND,ND,5585,2607,ND,3054,455140,ND,ND,ND,ND,29,154386,40,69,69,272722,574,ND,ND,5585,2607,ND,3895,592485,1784,4,420,ND,30,160359,41,76,76,280597,576,ND,ND,5585,2607,ND,17928,665366,ND,2,260,ND,34,168337,45,80,80,284661,576,ND,ND,5585,2607,ND,8592,871302,ND,2,170,ND,29,153904,29,80,80,293551,585,ND,ND,5585,2607,ND,6103,1001492,4538,2,170,ND,33,158059,30,82,82,304524,591,ND,ND,5585,2607,ND,9052,1012713,4629,2,170,5,20,162053,20,83,83,316125,591,ND,ND,5584,2607,ND,11931,1577890,4722,2,170,5,22,168734,22,86,86,329507,589,ND,ND,7385,3923,ND,13952,1845124,4787,1,120,4,23,175534,23,89,89,348563,589,3,56,7384,3923,ND,20406,2131002,ND,1,120,4,24,192421,24,91,91,364621,589,5,15,7384,3923,ND,20880,2218834,4990,1,120,4,24,196766,24,91,91,377670,589,5,15,7375,3915,ND,13986,2416756,5331,0,0,0,24,202120,24,91,91,388384,589,5,15,7376,3916,ND,13655,2043956,5019,0,0,0,25,209381,25,94,94,401542,589,6,16,7376,3916,10,21782,2156741,5444,0,0,0,ND,ND,ND,94,94,411546,589,6,17,9769,5407,10,12297,2588459,5447,0,0,0,ND,ND,ND,94,94,428007,589,6,17,9769,5308,5062,13931,2703851,5446,0,0,0,ND,ND,ND,94,94,440340,589,ND,ND,9769,5308,5293
19,Nuevo León,21672,968571,89,ND,ND,ND,ND,728480,ND,ND,ND,ND,ND,ND,ND,571,412,ND,64323,1196736,89,ND,ND,ND,ND,764191,ND,ND,ND,859232,916,ND,ND,2412,1543,ND,13934,939254,509,ND,ND,ND,ND,781986,ND,ND,ND,898865,909,ND,ND,2397,1541,ND,11820,1199936,512,ND,ND,ND,ND,805005,ND,ND,ND,921213,923,ND,ND,ND,ND,ND,11105,1369950,544,ND,ND,ND,ND,807312,ND,ND,ND,943380,923,ND,ND,2363,1533,ND,18013,2647545,545,ND,ND,ND,ND,837428,ND,ND,ND,975958,923,ND,ND,ND,ND,ND,19825,3257352,578,ND,ND,ND,ND,871838,ND,ND,ND,1013341,923,ND,ND,2220,484,181,18175,3953632,584,8,14385,ND,ND,908696,ND,ND,ND,1051254,926,ND,ND,2220,708,206,25711,5339383,597,8,14385,ND,ND,940010,ND,ND,ND,1098507,926,ND,ND,2220,1423,234,30502,7754216,593,8,14935,176,159,971790,238,ND,61,1146892,926,ND,ND,1464,1338,611,39891,10002422,594,9,14435,211,401,1008744,239,35,64,1204757,926,ND,ND,1464,1338,168,51616,11957745,25,ND,ND,ND,429,1076820,2583,37,67,1260358,926,ND,ND,1463,1338,187,60443,16239102,453,7,14354,ND,ND,ND,ND,ND,ND,1308253,ND,ND,ND,1463,1337,219,64214,15240124,ND,9,14990,224,450,1097641,2638,49,2605,1368627,894,ND,ND,1463,1445,237,96011,20125739,484,8,15004,224,ND,ND,ND,ND,ND,1452223,894,ND,ND,1463,1337,246,97164,22299839,ND,12,14421,225,ND,ND,ND,ND,ND,1506291,894,ND,ND,1463,1419,238,95404,23387809,368,12,14571,225,486,1318193,2914,52,2760,1564918,1072,ND,ND,ND,1658,192,88508,23752362,448,12,14571,225,490,1360564,3008,52,2815,1609377,1072,ND,ND,1463,1162,210,92101,24742111,ND,12,14571,243,ND,ND,ND,ND,ND,1654974,1072,ND,ND,1463,360,242,128158,26063677,431,14,14748,141,ND,ND,ND,52,2901,1699056,1072,ND,ND,1463,1104,221,124335,29822169,431,14,14748,164,ND,ND,ND,52,2901,1739450,1072,ND,ND,1463,1366,185
20,Oaxaca,16018,218647,1698,ND,ND,ND,1628,326532,1628,132,ND,665275,3235,ND,ND,12515,10996,8511,23499,131570,1702,ND,ND,ND,1628,331855,1628,189,ND,673416,3210,ND,ND,12515,10996,8511,39008,288212,1742,ND,ND,ND,1627,460404,1627,194,ND,687704,4082,ND,ND,12516,10969,8146,65199,408052,1823,ND,ND,ND,1709,469702,1709,196,ND,710542,4164,ND,ND,15011,10978,8032,3064,262374,1856,ND,ND,ND,1741,470078,1741,212,ND,734341,4164,29,43,15010,10977,8026,4052,375274,1876,ND,ND,ND,1762,473793,1762,217,217,758880,6479,18,41,15010,10977,8026,6244,587524,1900,5,1150,18,1776,473793,1776,225,225,766399,6503,37,47,15010,10977,7978,5293,515858,1944,5,1150,18,1776,473793,1776,245,245,768650,6725,45,32,15010,10977,15560,27092,437348,1978,5,1250,18,1779,552855,1779,252,252,852705,6769,58,45,15009,10975,15559,6783,744082,2000,5,1290,18,1793,554048,1793,265,265,874642,6768,59,63,15009,10975,15550,6151,836184,2004,5,1290,9,1798,554072,1798,274,274,916744,6939,ND,ND,15007,10973,15753,10109,1175227,2082,5,1290,11,1798,525973,1798,294,294,955146,6978,35,101,15007,10973,15785,132052,1804330,2194,5,1290,11,1798,497148,1802,318,318,991994,ND,11,56,15007,10973,15383,19955,1106277,ND,6,1291,22,1941,534170,1941,333,333,1033440,7786,11,56,15007,10973,15861,95918,2184227,2082,6,1291,13,1990,451447,1990,356,356,1102116,7788,13,56,15007,10973,15988,78281,2354430,ND,6,1291,13,2002,547119,2002,358,358,1139068,7804,50,18,15007,10973,15988,66987,2380074,2105,6,1291,13,2009,547127,2009,360,360,1177906,7851,18,39,15007,10973,15990,56802,1979118,3501,6,1291,13,2026,550881,2026,365,365,1213921,8475,5,54,15007,10966,15985,122465,2622137,32698,6,1291,13,ND,ND,ND,377,377,1248472,8524,14,18,12239,9543,30946,24703,2407641,33693,7,1641,13,ND,ND,ND,388,398,1287380,8535,58,72,12239,9543,30946,14095,1798572,35771,5,901,10,ND,ND,ND,475,501,1322034,8552,ND,ND,14783,11011,30639
21,Puebla,13015,456894,1409,ND,ND,ND,41,368754,50,88,88,ND,ND,22,65,477,366,265,4780,274491,1668,ND,ND,ND,1250,632250,1242,442,430,ND,ND,32,76,667,366,1285,32074,387394,1743,ND,ND,ND,1318,614901,1310,484,472,ND,ND,36,68,667,366,1481,14407,404911,2044,ND,ND,ND,1508,692858,1504,607,591,816667,1793,ND,ND,667,366,1570,6198,588176,2889,ND,ND,ND,1821,733896,1792,811,800,848051,ND,116,215,481,366,1438,15549,1309787,2974,ND,ND,ND,2055,ND,2037,857,848,ND,ND,ND,ND,481,366,1421,9354,1232686,3004,ND,ND,ND,2103,738676,2064,862,852,ND,ND,ND,ND,466,359,955,8126,1780627,3160,1,100,2,2270,757209,2201,893,873,ND,ND,ND,ND,466,359,953,23753,1948334,3296,2,400,9,2314,782448,2232,922,883,ND,ND,ND,ND,493,360,1033,27160,2880314,3477,2,460,10,2465,808113,2283,1082,1043,ND,ND,ND,ND,493,360,1117,20734,3265187,4857,3,500,8,2465,832339,2283,1133,1094,ND,ND,ND,ND,493,360,1087,26986,3921752,4770,4,775,17,2529,904473,2347,1205,1166,1225817,ND,ND,ND,493,360,902,40068,5841235,4616,4,775,17,2594,923583,2414,1331,1295,3492083,ND,ND,ND,493,360,1046,28167,4861106,4623,4,775,17,2651,935418,2481,1428,1399,1361698,ND,ND,ND,493,360,1052,68890,6660698,4666,4,775,17,2695,943154,2537,1498,1469,1437717,1950,ND,ND,493,360,1301,73987,7100792,4672,5,925,21,2733,1058197,2575,1542,1513,1671733,3069,103,131,493,360,1229,96281,7975185,4680,5,925,21,2759,1066788,2601,1559,1530,1720828,3346,ND,ND,473,352,1502,49548,7822864,4688,5,865,19,2768,1068598,2621,1577,1556,1772256,3053,320,202,473,352,1547,104979,8135602,4688,5,815,25,ND,ND,ND,1682,1702,1822848,3096,79,83,473,352,1365,39606,7467911,4857,5,815,26,ND,ND,ND,1683,1703,1867854,3096,ND,ND,473,347,1798,58415,8835944,3889,5,815,25,ND,ND,ND,1715,1735,1927121,2857,ND,ND,459,347,1706
22,Querétaro,14340,300935,208,ND,ND,ND,139,163018,356,174,174,ND,ND,30,107,267,252,139,3214,174701,214,ND,ND,ND,160,183538,383,177,177,ND,ND,ND,ND,ND,ND,ND,4734,435038,227,ND,ND,ND,164,201869,396,177,177,ND,ND,ND,ND,ND,ND,ND,20963,466719,275,ND,ND,ND,235,236778,527,178,178,ND,1428,29,103,261,247,ND,17471,669076,234,ND,ND,ND,152,216870,432,206,206,ND,1492,ND,ND,ND,ND,ND,10822,1029671,270,ND,ND,ND,ND,ND,ND,213,213,ND,1535,ND,ND,277,239,ND,11226,1235890,271,2,30,ND,168,269286,563,214,214,ND,1545,14,46,277,239,ND,16679,2822114,277,2,31,ND,168,290455,596,273,273,ND,ND,ND,ND,277,239,ND,8580,1632045,280,1,25,0,168,305449,626,278,278,ND,1882,ND,ND,278,240,ND,13332,2352224,297,1,25,1,167,320285,579,146,174,ND,1882,ND,ND,278,240,ND,12341,2593955,298,4,70,2,172,326601,673,ND,ND,ND,1882,ND,ND,278,240,ND,11931,2780746,278,6,220,2,212,315497,981,ND,ND,ND,ND,ND,ND,278,240,ND,15485,4040507,277,6,220,4,221,366917,1130,3,411,459614,644,ND,ND,278,240,ND,24026,3790053,308,4,70,1,270,382843,1277,13,471,506059,940,ND,ND,278,240,1036,28327,5381427,318,4,70,1,208,397191,1305,26,494,529099,947,ND,ND,278,240,ND,36768,6670270,326,6,105,2,213,410470,1333,61,561,537400,959,37,99,278,240,1036,33139,7842630,328,7,1769,54,216,424231,583,154,222,561751,947,168,359,278,238,238,37405,7833057,313,7,1769,54,215,445097,961,241,290,590463,992,189,370,278,239,ND,28879,8580997,322,7,1769,49,ND,ND,ND,284,335,624859,993,252,399,278,239,2,31536,9263828,325,7,1769,54,ND,ND,ND,239,314,653369,996,214,306,278,239,1,35226,11707673,323,5,1602,50,ND,ND,ND,258,311,685013,998,ND,ND,278,241,55
23,Quintana Roo,4297,121121,588,ND,ND,ND,10,111777,259,5,5,ND,ND,82,176,0,0,0,13171,238961,596,ND,ND,ND,10,114016,258,6,6,166223,669,82,176,0,0,0,15907,306828,597,ND,ND,ND,11,125299,278,6,6,172172,466,82,176,0,0,0,15907,306828,624,ND,ND,ND,11,137383,277,6,6,ND,ND,82,176,0,0,0,18101,442337,630,ND,ND,ND,251,146828,277,6,6,192840,ND,104,199,0,0,0,4011,462503,652,ND,ND,ND,262,160633,278,16,6,ND,ND,193,457,0,0,0,6313,1188240,669,ND,ND,ND,263,174876,278,16,6,ND,ND,193,457,0,0,0,9908,1456931,564,0,0,0,279,ND,267,6,6,244912,ND,193,457,0,0,0,9908,1456931,635,ND,ND,ND,291,205441,291,8,8,262758,ND,197,457,0,0,0,15121,2430643,713,ND,ND,ND,295,225059,295,8,8,287296,ND,217,448,0,0,0,18078,3173544,690,5,1130,ND,295,248040,295,14,13,312127,265,215,458,0,0,0,21505,3800273,694,ND,ND,ND,298,266975,298,15,15,341095,265,467,307,0,0,0,24553,4406316,579,ND,ND,ND,299,290846,299,15,13,364888,265,467,319,0,0,0,24553,4406316,623,ND,ND,ND,299,296768,299,15,15,392112,412,472,333,0,0,0,32153,6288534,629,ND,ND,ND,299,328362,299,15,15,423744,ND,474,430,0,0,0,31158,6940146,640,ND,ND,ND,299,347223,299,16,17,438982,ND,526,418,0,0,0,30382,7605907,640,ND,ND,ND,299,368267,299,17,17,466760,ND,526,418,0,0,0,27258,6918546,639,ND,ND,ND,299,384157,299,17,17,495428,ND,306,258,0,0,0,32224,7090619,672,ND,ND,ND,ND,ND,ND,17,17,518683,ND,ND,ND,0,0,0,26578,6977977,ND,ND,ND,ND,ND,ND,ND,17,17,545022,ND,ND,ND,0,0,0,34311,8118303,700,1,5,NS,ND,ND,ND,17,17,573173,ND,ND,ND,0,0,0
24,San Luis Potosí,24117,640224,207,ND,ND,ND,ND,266045,ND,ND,ND,419327,1446,ND,ND,161,137,74,18150,550110,207,ND,ND,ND,ND,276842,ND,376,376,442353,ND,ND,ND,161,137,74,18140,514851,208,ND,ND,ND,ND,295544,ND,432,432,454521,ND,ND,ND,234,178,178,6115,553428,224,ND,ND,ND,ND,298591,ND,ND,ND,480258,ND,ND,ND,259,187,133,5876,555746,224,ND,ND,ND,ND,345138,ND,ND,ND,503020,ND,ND,ND,268,180,123,9197,1085164,921,ND,ND,ND,1104,326059,ND,ND,ND,526300,ND,ND,ND,209,179,113,11002,1508045,907,8,1085,ND,815,ND,ND,ND,ND,550258,2083,ND,ND,209,179,113,26920,1253394,907,10,1176,ND,815,ND,ND,ND,ND,583894,2223,ND,ND,208,179,112,29544,1760906,908,10,1176,ND,815,337098,ND,ND,ND,595516,ND,ND,ND,208,178,85,18120,2162308,908,14,1244,ND,815,337098,ND,ND,ND,616470,2231,ND,ND,205,173,73,18854,2402691,908,14,1244,ND,815,421433,1119,ND,312,641429,2303,51,167,206,177,79,16993,2749111,245,12,1141,ND,2263,447842,ND,128,374,669486,2350,93,207,207,176,76,41437,4036228,365,14,1135,36,2297,483426,ND,169,538,694007,2370,102,421,209,176,74,18560,2931494,681,14,1135,26,2389,523506,ND,185,556,717055,2351,102,254,208,176,74,63146,4180223,864,14,1135,26,2092,551755,1210,306,979,737179,2349,54,129,209,176,75,57954,4416956,923,14,1315,41,2144,573088,1296,ND,ND,785561,2516,42,135,209,176,77,43498,4805483,987,16,1375,31,2186,569888,1371,393,1088,771645,2349,90,202,209,176,77,37599,4956703,1045,16,1375,31,2217,590247,1413,482,1171,819730,2594,61,299,216,183,74,38220,5521466,1093,14,1315,30,ND,ND,ND,499,1189,841274,2753,47,215,216,183,74,39964,6220312,1261,14,1315,30,ND,ND,ND,512,1200,858800,2630,50,263,216,183,74,29941,6718686,1316,15,1335,30,ND,ND,ND,531,1217,879426,2646,ND,ND,216,183,74
25,Sinaloa,13268,435454,1007,ND,ND,ND,907,462996,1214,139,139,512495,2588,63,128,22447,12352,12118,10085,555190,1037,ND,ND,ND,935,483906,1266,147,147,533639,2588,98,83,22447,14370,8346,15824,738811,1056,ND,ND,ND,953,502553,1317,155,155,555038,2567,ND,ND,22079,14784,9904,8567,788022,1188,ND,ND,ND,1034,525666,1380,170,170,576814,4233,ND,ND,22079,14786,9121,7887,735247,1222,ND,ND,ND,1049,539251,1445,183,183,602377,4305,100,94,22079,14786,9121,15990,2039197,1227,ND,ND,ND,1073,565979,1506,213,213,624236,4319,ND,ND,22079,14786,6283,19871,2864578,1252,123,5537,173,1091,587547,1534,234,214,646784,4812,142,49,22079,14786,7068,13217,1897168,1245,125,6490,184,1115,610966,1563,241,241,669096,ND,113,29,22079,14786,7573,19947,2191969,1280,127,6601,186,1138,635340,1607,254,254,697055,ND,39,18,22079,14781,7191,21267,3107252,1283,128,7056,193,1168,652614,1645,273,273,723323,ND,ND,ND,22079,14786,4221,20138,3562427,1296,131,7181,198,1238,680667,1666,293,293,749248,ND,194,148,21995,14220,4778,19435,4118702,1308,136,7391,202,1244,692130,1672,316,316,779062,ND,210,275,22046,13592,8104,23604,5249262,1315,140,7559,206,1248,692454,1676,323,323,804752,ND,143,137,22048,13598,9303,22083,4498728,1322,142,9067,228,1256,697141,1685,342,342,852411,4524,ND,ND,22048,14123,7866,38419,6151605,1325,142,9067,228,1283,700401,1726,376,376,886903,4533,ND,ND,22048,14292,9240,36296,6184659,1339,142,9567,244,1293,701027,1737,396,397,909000,4424,305,168,22048,13597,9770,50081,6751289,1357,141,9577,247,1308,778978,1751,409,410,940143,ND,275,228,22974,13665,8813,67278,6255885,337,143,9603,254,665,435461,462,271,270,943505,2011,ND,ND,22897,13433,9213,35785,6534479,ND,144,9603,261,ND,ND,ND,ND,ND,960916,2204,471,672,22917,13898,6354,33609,6575583,ND,143,9228,263,ND,ND,ND,ND,ND,981885,2071,ND,ND,22974,8875,9213,35769,7627914,910,143,9364,263,ND,ND,ND,516,538,991424,2203,ND,ND,22843,11099,7054
26,Sonora,11086,562557,835,ND,ND,ND,ND,ND,ND,ND,ND,446561,6016,ND,ND,9365,7396,9449,10473,770441,834,ND,ND,ND,588,460730,588,86,86,471289,3089,ND,ND,9365,5382,6988,8586,701192,886,ND,ND,ND,697,465802,697,86,86,483752,5161,ND,ND,9365,7393,ND,13039,639480,907,ND,ND,ND,697,483703,697,96,96,506405,5370,ND,ND,9174,7432,9112,8583,890353,893,ND,ND,ND,697,496784,697,96,96,528554,5377,ND,ND,10375,7561,ND,16525,2159082,890,ND,ND,ND,ND,ND,ND,331,331,545405,5378,ND,ND,9386,7524,4098,20360,3097209,895,34,3192,ND,ND,ND,ND,333,333,564606,5378,ND,ND,9386,7516,4998,15159,2071531,895,26,3982,98,700,526746,700,333,333,584878,5250,ND,ND,9386,7517,4624,16219,2592874,771,32,4779,83,700,578349,700,338,338,615238,5250,ND,ND,8408,7044,4136,23834,3571765,1030,29,4741,72,700,596928,700,338,338,641170,5250,ND,ND,8408,7044,ND,23232,3770611,1078,18,2943,72,783,1000656,783,172,172,667297,5250,ND,ND,8408,7044,ND,23561,4633902,1117,18,2943,72,ND,685537,ND,ND,ND,692493,5250,ND,ND,8408,7044,ND,29886,5775433,ND,17,2928,74,ND,ND,ND,ND,ND,723554,5317,ND,ND,8408,7044,ND,28645,5629189,5507,16,2868,72,ND,ND,ND,ND,ND,769038,5339,26,9,8408,7044,ND,51406,7534851,5507,16,2868,72,1019,664278,1019,226,226,808936,5366,ND,ND,8408,7044,ND,47559,7409099,5507,16,2868,74,1041,658206,1041,229,229,817490,4952,ND,ND,8408,7044,ND,57370,7902112,5507,16,2868,74,922,681526,924,233,233,839019,ND,ND,ND,8408,7044,ND,61779,7811261,5507,16,3168,1,924,717593,924,233,233,851239,811,ND,ND,8408,7044,ND,52713,7986684,5544,34,4687,63,ND,ND,ND,226,226,858882,842,ND,ND,8408,7044,3699,48596,7945174,5544,34,4687,61,ND,ND,ND,230,230,872393,812,ND,ND,8408,7044,4594,48752,9387354,5632,22,5515,88,ND,ND,ND,230,230,884345,821,ND,ND,8392,7775,5044
27,Tabasco,28934,282715,404,ND,ND,ND,342,233783,566,97,100,343495,525,ND,ND,0,0,0,23691,181434,405,ND,ND,ND,356,237754,679,104,104,348224,527,116,135,0,0,0,18151,225687,410,ND,ND,ND,383,250967,722,105,105,352943,547,76,100,0,0,0,3935,241753,481,ND,ND,ND,447,269009,834,126,126,363623,1049,50,98,0,0,0,8167,346350,505,ND,ND,ND,471,282386,883,129,129,381649,494,83,169,0,0,0,16648,421411,533,ND,ND,ND,502,315588,925,130,130,330919,439,145,182,0,0,0,27056,483989,608,27,4668,147,593,326967,1047,148,148,416034,990,177,80,0,0,0,12777,640215,618,29,5761,164,602,329280,1039,155,155,441980,942,114,137,0,0,0,11598,647578,704,29,5761,164,650,313245,1049,160,180,462050,1254,123,429,0,0,0,11674,1890947,787,28,5948,163,701,330240,1177,174,184,469670,1469,126,367,0,0,0,8477,1252025,806,30,5915,172,707,328442,1200,173,184,497014,1433,93,309,0,0,0,9559,1197028,765,30,5720,173,695,336797,1214,193,196,512792,1401,102,304,0,0,0,14435,2910297,800,31,6645,173,727,352839,1222,206,214,543109,1475,124,301,0,0,0,15821,2409361,855,31,7755,185,742,359886,1297,212,229,587679,1488,142,304,0,0,0,17303,2457471,868,33,7705,201,764,367756,1310,233,254,599290,1453,147,316,0,0,0,27197,2593289,869,36,8145,225,808,385540,1391,269,291,617639,1697,135,287,0,0,0,28209,2764162,873,37,8415,202,807,419827,1437,272,294,639263,1082,176,394,0,0,0,25557,2823833,866,39,8435,209,806,442528,1460,311,522,664562,1071,183,413,0,0,0,ND,ND,909,40,8395,204,ND,ND,ND,323,512,650589,1741,167,423,0,0,0,19913,3167386,922,41,8502,244,ND,ND,ND,323,515,695228,1695,158,430,0,0,0,18387,3920589,931,41,8502,250,ND,ND,ND,326,526,717984,1714,ND,ND,0,0,0
28,Tamaulipas,26770,880289,755,ND,ND,ND,731,528587,900,60,63,602248,ND,23,123,7431,7224,2698,9635,668288,762,ND,ND,ND,778,542977,974,60,63,ND,ND,23,123,7431,7224,2125,38558,766349,ND,ND,ND,ND,ND,ND,ND,ND,ND,653398,ND,ND,ND,14111,8878,1630,12653,935582,1283,ND,ND,ND,1027,619257,1258,50,56,684330,ND,20,120,7464,7080,ND,46170,963585,723,ND,ND,ND,ND,ND,ND,ND,ND,640614,ND,62,156,7464,7081,ND,15896,2352194,1158,ND,ND,ND,902,677980,1140,49,51,ND,ND,18,173,9013,7154,ND,21964,3177161,981,ND,ND,ND,901,699550,1129,49,51,804778,ND,83,162,13968,8570,ND,22835,2664145,ND,ND,ND,ND,ND,655809,1141,ND,ND,444901,269,ND,ND,14051,8609,ND,28806,3517574,ND,ND,ND,ND,ND,ND,ND,ND,ND,889914,269,ND,ND,14051,8609,ND,39561,4763269,ND,49,13352,364,ND,709383,168,ND,ND,917698,921,ND,ND,14051,8609,ND,60451,5294584,ND,49,13352,364,951,789772,1245,64,68,959035,1206,ND,ND,14050,8609,ND,39777,6541464,ND,55,13945,336,ND,797452,ND,45,65,1008859,1134,ND,ND,14050,8609,ND,44449,8933907,ND,59,15968,ND,ND,652789,ND,ND,ND,1043824,1139,ND,ND,14050,9122,ND,41778,8584109,ND,60,16023,ND,113,856763,1089,89,89,1093333,1154,ND,ND,14050,8565,ND,103159,10935046,ND,65,16018,ND,113,898422,899,43,92,1145284,1137,ND,ND,14050,8565,ND,55813,9383817,ND,66,14890,ND,113,923133,899,43,92,1166753,1157,ND,ND,14050,8588,ND,59188,9220025,ND,75,14829,ND,115,922429,859,42,86,1201645,1218,212,334,14050,8588,1261,46099,8072053,ND,68,14394,ND,103,1003868,365,42,86,1199747,1237,23,8,14074,8889,1081,46551,7519021,ND,67,14659,ND,ND,ND,ND,92,106,1207366,963,ND,ND,14074,8889,917,56246,7377214,ND,65,14969,381,ND,ND,ND,100,108,1211625,967,255,183,14074,8889,1214,57212,8730801,ND,63,15215,393,ND,ND,ND,92,102,1207194,963,ND,ND,13334,6902,2477
29,Tlaxcala,3607,93789,368,0,0,0,307,ND,442,227,227,176830,420,0,0,78,48,16,2868,104057,389,0,0,0,305,ND,450,235,235,178462,439,0,0,78,54,20,4382,139881,392,0,0,0,305,ND,450,ND,ND,176487,376,0,0,78,54,21,3778,124298,420,0,0,0,314,173955,548,ND,599,178317,378,ND,ND,78,54,22,1231,144264,432,0,0,0,318,ND,752,ND,494,185799,380,ND,ND,78,45,15,2086,286848,432,0,0,0,318,ND,752,ND,494,188157,379,ND,ND,79,46,15,6396,373729,ND,0,0,0,318,ND,752,ND,494,192172,ND,ND,ND,80,46,16,7169,388096,424,0,0,0,ND,ND,ND,ND,ND,210566,375,ND,ND,80,46,15,10684,497981,429,0,0,0,319,ND,ND,ND,ND,252804,378,ND,ND,80,46,14,10423,688675,434,0,0,0,316,ND,ND,ND,729,262347,374,ND,ND,80,ND,14,8469,663117,432,0,0,0,315,ND,ND,ND,729,277300,368,ND,ND,80,45,ND,6237,738648,435,0,0,0,315,ND,ND,ND,729,293273,370,ND,ND,78,40,ND,6761,907996,457,0,0,0,ND,ND,ND,ND,ND,307776,373,ND,ND,77,40,ND,5659,718687,462,0,0,0,ND,ND,ND,ND,ND,328153,373,ND,ND,78,46,ND,11434,839444,448,0,0,0,ND,ND,ND,ND,ND,312151,375,ND,ND,78,71,ND,11174,1010913,455,0,0,0,ND,ND,ND,ND,ND,324915,375,12,0,78,72,ND,9647,1008491,475,0,0,0,ND,ND,ND,ND,ND,330517,375,12,ND,78,59,36,8409,1052335,476,0,0,0,317,246369,334,290,303,339634,382,204,166,78,71,ND,10529,1088031,485,0,0,0,ND,ND,ND,176,191,354024,385,98,136,78,71,ND,8122,1063854,512,0,0,0,ND,ND,ND,199,257,363165,385,160,213,78,71,ND,9853,1252008,523,0,0,0,ND,ND,ND,ND,ND,373893,405,ND,ND,78,71,ND
30,Veracruz de Ignacio de la Llave,11408,610764,1598,ND,ND,ND,385,587061,444,170,155,ND,ND,ND,ND,869,560,1170,10447,661650,960,ND,ND,ND,404,615114,471,203,203,ND,ND,ND,ND,869,560,1270,11220,794740,1073,ND,ND,ND,1701,803400,1647,288,280,1311553,3841,ND,ND,869,560,1140,12844,587881,885,ND,ND,ND,1545,854708,1842,312,304,1378087,4082,ND,ND,869,560,1009,10420,919304,35574,ND,ND,ND,1553,874630,1872,316,315,1444708,4296,ND,ND,878,608,1002,13779,1461028,66654,ND,ND,ND,1553,883205,1872,316,315,1504057,4212,ND,ND,878,608,708,16662,2216770,65725,9,6183,151,1553,953782,2226,316,315,1574748,4432,ND,ND,878,608,122,15875,2000836,65793,8,6350,145,1695,1030270,2378,493,496,1651080,4861,ND,ND,876,608,698,19745,2211986,65701,11,7340,170,1915,1033738,2422,533,536,1734293,ND,ND,ND,876,560,581,32010,3258877,65705,10,6640,148,4319,1270509,4810,901,901,1846514,ND,ND,ND,610,359,108,24091,3801016,65715,8,6600,148,5996,1335460,7044,901,901,1924297,5923,ND,ND,604,353,107,31292,4179220,65762,8,6600,148,6003,1371526,7044,918,920,2008742,6123,ND,ND,604,353,102,37994,6541925,65770,8,6600,148,5039,1431045,5977,959,1926,2088287,6265,ND,ND,604,353,102,40650,8608874,65783,8,6600,148,5227,1504049,6132,968,1935,2106068,7020,15,11,604,353,93,149780,9430968,65783,8,6600,148,ND,ND,ND,ND,ND,2202794,7083,47,0,604,366,87,107737,9941326,65783,13,6912,139,5321,1558814,6262,1002,1967,2284364,7462,7,39,604,366,114,131358,11282567,65815,13,6912,139,4661,1597512,5871,1197,1243,2326999,7469,ND,ND,604,366,101,130758,11129978,65820,13,6912,139,4684,1614905,5942,1220,1272,2387044,7523,ND,ND,604,366,111,143209,11469309,65833,13,6912,139,ND,ND,ND,1229,1281,2466070,7563,ND,ND,604,366,117,65772,11539611,65601,15,7162,146,ND,ND,ND,1247,1299,2545535,7648,ND,ND,604,366,117,56411,12515192,65603,15,7162,146,ND,ND,ND,1350,1414,2606369,7688,ND,ND,604,366,113
31,Yucatán,12780,366671,546,ND,ND,ND,392,301478,387,ND,ND,383667,ND,ND,ND,0,0,0,7016,397427,606,ND,ND,ND,480,321211,449,10,3,408891,571,ND,ND,0,0,0,46871,314830,670,ND,ND,ND,543,324850,511,10,3,409624,585,ND,ND,0,0,0,20182,338318,683,ND,ND,ND,561,326896,561,10,3,427809,1397,ND,ND,0,0,0,15026,541237,683,ND,ND,ND,563,328232,563,10,3,439930,1408,ND,ND,0,0,0,7212,992855,683,ND,ND,ND,632,338202,645,10,3,440782,1417,ND,ND,0,0,0,8858,1316052,688,ND,ND,ND,632,341190,645,10,3,464624,1417,ND,ND,0,0,0,8137,1280733,865,11,4745,110,667,342055,680,10,3,480594,ND,ND,ND,0,0,0,12796,1481499,880,11,4745,110,705,342961,714,10,3,501491,ND,ND,ND,0,0,0,10767,1824982,904,ND,ND,ND,641,447218,640,10,3,515155,ND,ND,ND,0,0,0,8770,1592810,903,ND,ND,ND,641,461109,641,10,3,531016,ND,ND,ND,0,0,0,13423,2428499,916,ND,ND,ND,641,478228,641,10,3,550282,ND,440,329,0,0,0,30224,3470669,943,ND,ND,ND,ND,509281,649,10,3,571054,ND,440,329,0,0,0,17076,3028157,943,ND,ND,ND,649,539062,649,16,4,590121,ND,445,331,0,0,0,36384,4156478,949,3,3060,80,649,548340,649,21,4,613563,ND,876,491,0,0,0,30846,4549753,982,3,3060,80,634,537622,634,22,4,628363,ND,1006,862,0,0,0,33688,5441042,982,3,3060,80,634,576934,634,22,4,645817,ND,481,361,0,0,0,34553,5279720,983,3,3600,95,634,589075,634,28,4,668828,ND,481,361,0,0,0,38131,5529799,997,3,3600,80,ND,ND,ND,30,4,689229,ND,801,489,0,0,0,33227,5533091,1003,4,4500,80,ND,ND,ND,29,4,718364,ND,1032,450,0,0,0,32678,5922021,995,4,4500,80,ND,ND,ND,26,4,737967,ND,ND,ND,0,0,0
32,Zacatecas,8553,140762,827,ND,ND,ND,765,226476,874,335,335,346628,4564,ND,ND,747,262,258,4425,115008,865,ND,ND,ND,778,241024,916,325,336,282992,3510,ND,ND,754,605,215,3751,117172,953,ND,ND,ND,876,252044,1023,341,370,327120,3603,ND,ND,753,605,259,12986,127621,1000,ND,ND,ND,917,257883,1060,361,390,353030,3674,ND,ND,753,605,312,14661,169282,1006,ND,ND,ND,983,275114,1102,400,411,372691,3677,ND,ND,753,605,242,2887,320769,1150,ND,ND,ND,1045,280721,1146,430,427,376542,3786,ND,ND,755,606,279,4261,333872,1201,ND,ND,ND,1064,291894,1153,436,439,391892,3786,ND,ND,755,606,184,6549,331091,1440,ND,ND,ND,1361,302381,1602,955,812,387997,3786,ND,ND,755,606,164,28649,466709,1523,ND,ND,ND,1415,307253,1714,992,861,405194,3786,ND,ND,755,606,256,16706,703919,1541,5,4,0,1435,315933,1734,995,863,422822,3786,ND,ND,753,605,187,11112,1091747,1545,7,5,0,1443,316411,1741,987,854,441205,3786,39,109,753,605,199,14800,811725,1554,12,6,0,1458,319728,1756,988,847,454690,3786,22,80,775,624,199,19214,1132287,1559,16,7,0,1461,321873,1759,999,848,468357,3786,22,80,775,624,199,20914,1148003,1631,30,8,0,1489,336576,1806,1034,887,504046,3786,38,92,ND,ND,ND,27507,1356114,1647,51,12,0,1499,341058,1816,1049,896,502869,3786,38,92,805,657,257,18585,1201783,1667,60,13,0,1502,344658,1822,1066,911,487792,3786,42,96,779,636,248,14100,1335618,1670,63,10,2,1503,347646,1813,1069,914,503050,3833,181,239,779,636,248,14504,1455734,1686,76,14,NS,1516,354608,1834,1072,917,535327,3833,185,246,773,662,258,13575,1641557,1699,81,14,NS,ND,ND,ND,1073,918,547600,3833,195,278,773,662,141,10036,1600785,1697,86,16,NS,ND,ND,ND,1070,915,546734,3810,223,304,773,662,203,9981,1669855,1705,92,17,NS,ND,ND,ND,1072,917,559084,3833,ND,ND,756,615,272
33,Extranjero,,,,,,,,,,,,,,,,,,,,,,,,,,,,,,,,,,,,,,,,,,,,,,,,,,,,,,,,,,,,,,,,,,,,,,,,,,,,,,,,,,,,,,,,,,,,,,,,,,,,,,,,,,,,,,,,,,,,,,,,,,,,,,,,,,,,,,,,,,,,,,,,,,,,,,,,,,,,,,,,,,,,,,,,,,,,,,,,,,,,,,,,,,,,,,,,,,,,,,,,,,,,,,,,,,,,,,,,,,,,,,,,,,,,,,,,,,,,,,,,,,,,,,,,,,,,,,,,,,,,,,,,,,,,,,,,,,,,,,,,,,,,,,,,,,,,,,,,,,,,,,,,,,,,,,,,,,,,,,,,,,,,,,,,,,,,,,,,,,,,,,,,,,,,,,,,,,,,,,,,,,,,,,,,,,,,,,,,,,
99,No especificada,,,,,,,,,,,,,,,,,,,,,,,,,,,,,,,,,,,,,,,,,,,,,,,,,,,,,,,,,,,,,,,,,,,,,,,,,,,,,,,,,,,,,,,,,,,,,,,,,,,,,,,,,,,,,,,,,,,,,,,,,,,,,,,,,,,,,,,,,,,,,,,,,,,,,,,,,,,,,,,,,,,,,,,,,,,,,,,,,,,,,,,,,,,,,,,,,,,,,,,,,,,,,,,,,,,,,,,,,,,,,,,,,,,,,,,,,,,,,,,,,,,,,,,,,,,,,189064,56350970,,,,,,,,,,,,,,,,,51745,4641253,,,,,,,,,,,,,,,,,51381,989072,,,,,,,,,,,,,,,,,26328,1044544,,,,,,,,,,,,,,,,,,,,,,,,,,,,,,,,,,,,,,,,,,,,,,,,,,,,,,,,,,,,,,,,,,,,,,
,,,,,,,,,,,,,,,,,,,,,,,,,,,,,,,,,,,,,,,,,,,,,,,,,,,,,,,,,,,,,,,,,,,,,,,,,,,,,,,,,,,,,,,,,,,,,,,,,,,,,,,,,,,,,,,,,,,,,,,,,,,,,,,,,,,,,,,,,,,,,,,,,,,,,,,,,,,,,,,,,,,,,,,,,,,,,,,,,,,,,,,,,,,,,,,,,,,,,,,,,,,,,,,,,,,,,,,,,,,,,,,,,,,,,,,,,,,,,,,,,,,,,,,,,,,,,,,,,,,,,,,,,,,,,,,,,,,,,,,,,,,,,,,,,,,,,,,,,,,,,,,,,,,,,,,,,,,,,,,,,,,,,,,,,,,,,,,,,,,,,,,,,,,,,,,,,,,,,,,,,,,,,,,,,,,,,,,,,,,
,,,,,,,,,,,,,,,,,,,,,,,,,,,,,,,,,,,,,,,,,,,,,,,,,,,,,,,,,,,,,,,,,,,,,,,,,,,,,,,,,,,,,,,,,,,,,,,,,,,,,,,,,,,,,,,,,,,,,,,,,,,,,,,,,,,,,,,,,,,,,,,,,,,,,,,,,,,,,,,,,,,,,,,,,,,,,,,,,,,,,,,,,,,,,,,,,,,,,,,,,,,,,,,,,,,,,,,,,,,,,,,,,,,,,,,,,,,,,,,,,,,,,,,,,,,,,,,,,,,,,,,,,,,,,,,,,,,,,,,,,,,,,,,,,,,,,,,,,,,,,,,,,,,,,,,,,,,,,,,,,,,,,,,,,,,,,,,,,,,,,,,,,,,,,,,,,,,,,,,,,,,,,,,,,,,,,,,,,,,
a/,Datos referidos al 31 de diciembre de cada año.,,,,,,,,,,,,,,,,,,,,,,,,,,,,,,,,,,,,,,,,,,,,,,,,,,,,,,,,,,,,,,,,,,,,,,,,,,,,,,,,,,,,,,,,,,,,,,,,,,,,,,,,,,,,,,,,,,,,,,,,,,,,,,,,,,,,,,,,,,,,,,,,,,,,,,,,,,,,,,,,,,,,,,,,,,,,,,,,,,,,,,,,,,,,,,,,,,,,,,,,,,,,,,,,,,,,,,,,,,,,,,,,,,,,,,,,,,,,,,,,,,,,,,,,,,,,,,,,,,,,,,,,,,,,,,,,,,,,,,,,,,,,,,,,,,,,,,,,,,,,,,,,,,,,,,,,,,,,,,,,,,,,,,,,,,,,,,,,,,,,,,,,,,,,,,,,,,,,,,,,,,,,,,,,,,,,,,,,,,
b/,Para volumen de agua potable se refiere a cifras estimadas. Para capacidad de presas los datos están referidos al 31 de diciembre de cada año.,,,,,,,,,,,,,,,,,,,,,,,,,,,,,,,,,,,,,,,,,,,,,,,,,,,,,,,,,,,,,,,,,,,,,,,,,,,,,,,,,,,,,,,,,,,,,,,,,,,,,,,,,,,,,,,,,,,,,,,,,,,,,,,,,,,,,,,,,,,,,,,,,,,,,,,,,,,,,,,,,,,,,,,,,,,,,,,,,,,,,,,,,,,,,,,,,,,,,,,,,,,,,,,,,,,,,,,,,,,,,,,,,,,,,,,,,,,,,,,,,,,,,,,,,,,,,,,,,,,,,,,,,,,,,,,,,,,,,,,,,,,,,,,,,,,,,,,,,,,,,,,,,,,,,,,,,,,,,,,,,,,,,,,,,,,,,,,,,,,,,,,,,,,,,,,,,,,,,,,,,,,,,,,,,,,,,,,,,,
c/,Cifras estimadas.,,,,,,,,,,,,,,,,,,,,,,,,,,,,,,,,,,,,,,,,,,,,,,,,,,,,,,,,,,,,,,,,,,,,,,,,,,,,,,,,,,,,,,,,,,,,,,,,,,,,,,,,,,,,,,,,,,,,,,,,,,,,,,,,,,,,,,,,,,,,,,,,,,,,,,,,,,,,,,,,,,,,,,,,,,,,,,,,,,,,,,,,,,,,,,,,,,,,,,,,,,,,,,,,,,,,,,,,,,,,,,,,,,,,,,,,,,,,,,,,,,,,,,,,,,,,,,,,,,,,,,,,,,,,,,,,,,,,,,,,,,,,,,,,,,,,,,,,,,,,,,,,,,,,,,,,,,,,,,,,,,,,,,,,,,,,,,,,,,,,,,,,,,,,,,,,,,,,,,,,,,,,,,,,,,,,,,,,,,
NS,No significativo,,,,,,,,,,,,,,,,,,,,,,,,,,,,,,,,,,,,,,,,,,,,,,,,,,,,,,,,,,,,,,,,,,,,,,,,,,,,,,,,,,,,,,,,,,,,,,,,,,,,,,,,,,,,,,,,,,,,,,,,,,,,,,,,,,,,,,,,,,,,,,,,,,,,,,,,,,,,,,,,,,,,,,,,,,,,,,,,,,,,,,,,,,,,,,,,,,,,,,,,,,,,,,,,,,,,,,,,,,,,,,,,,,,,,,,,,,,,,,,,,,,,,,,,,,,,,,,,,,,,,,,,,,,,,,,,,,,,,,,,,,,,,,,,,,,,,,,,,,,,,,,,,,,,,,,,,,,,,,,,,,,,,,,,,,,,,,,,,,,,,,,,,,,,,,,,,,,,,,,,,,,,,,,,,,,,,,,,,,
C,"Cifra no publicable, por el principio de confidencialidad de la Ley de Información Estadística y Geográfica.",,,,,,,,,,,,,,,,,,,,,,,,,,,,,,,,,,,,,,,,,,,,,,,,,,,,,,,,,,,,,,,,,,,,,,,,,,,,,,,,,,,,,,,,,,,,,,,,,,,,,,,,,,,,,,,,,,,,,,,,,,,,,,,,,,,,,,,,,,,,,,,,,,,,,,,,,,,,,,,,,,,,,,,,,,,,,,,,,,,,,,,,,,,,,,,,,,,,,,,,,,,,,,,,,,,,,,,,,,,,,,,,,,,,,,,,,,,,,,,,,,,,,,,,,,,,,,,,,,,,,,,,,,,,,,,,,,,,,,,,,,,,,,,,,,,,,,,,,,,,,,,,,,,,,,,,,,,,,,,,,,,,,,,,,,,,,,,,,,,,,,,,,,,,,,,,,,,,,,,,,,,,,,,,,,,,,,,,,,
ND,No disponible,,,,,,,,,,,,,,,,,,,,,,,,,,,,,,,,,,,,,,,,,,,,,,,,,,,,,,,,,,,,,,,,,,,,,,,,,,,,,,,,,,,,,,,,,,,,,,,,,,,,,,,,,,,,,,,,,,,,,,,,,,,,,,,,,,,,,,,,,,,,,,,,,,,,,,,,,,,,,,,,,,,,,,,,,,,,,,,,,,,,,,,,,,,,,,,,,,,,,,,,,,,,,,,,,,,,,,,,,,,,,,,,,,,,,,,,,,,,,,,,,,,,,,,,,,,,,,,,,,,,,,,,,,,,,,,,,,,,,,,,,,,,,,,,,,,,,,,,,,,,,,,,,,,,,,,,,,,,,,,,,,,,,,,,,,,,,,,,,,,,,,,,,,,,,,,,,,,,,,,,,,,,,,,,,,,,,,,,,,
